Year,Field,Plot_No,SMU,Core_No,Tillage,Depth,Lab_No,TotalN.perc,TotalC.perc,InorganicC.perc,OrganicC.perc,pH,Delta_C13,atom_pct
2005,70,47790,138B,1,Disk,0 to 15,G1,0.18,2.37,0.05,2.33,6.02,-15.26,1.0944
2005,70,47790,138B,2,Disk,0 to 15,G5,0.19,2.58,0.05,2.53,5.76,-18.72,1.0906
2005,70,47790,138B,3,Disk,0 to 15,G9,0.18,2.63,0.19,2.43,5.94,-18.36,1.091
2005,70,47790,138B,4,Disk,0 to 15,G13,0.17,2.15,0.05,2.1,6.49,-16.93,1.0926
2005,70,47799,138B,5,Slot,0 to 15,G17,0.18,2.89,0.15,2.74,6.5,-15.17,1.0945
2005,70,47799,138B,6,Slot,0 to 15,G21,0.15,2.25,0.08,2.17,6.62,-18.34,1.0911
2005,70,47799,138B,7,Slot,0 to 15,G25,0.17,2.39,0.05,2.34,6.77,-17.9,1.0915
2005,70,47799,138B,8,Slot,0 to 15,G29,0.17,2.46,0.04,2.42,7.03,-6.16,1.1044
2005,70,47800,107/507,9,Plow,0 to 15,G33,0.13,1.76,0.03,1.73,7.04,-16.21,1.0934
2005,70,47800,107/507,10,Plow,0 to 15,G37,0.13,1.76,0.02,1.74,6.94,-18.16,1.0913
2005,70,47800,107/507,11,Plow,0 to 15,G41,0.14,2.12,0.02,2.1,6.96,-18.31,1.0911
2005,70,47800,107/507,12,Plow,0 to 15,G45,0.17,2.47,0.03,2.44,7.19,-2.78,1.1082
2005,70,47809,138B,13,Disk,0 to 15,G49,0.16,2.66,0.06,2.6,7.12,-17.73,1.0917
2005,70,47809,138B,14,Disk,0 to 15,G53,0.17,2.47,0.06,2.41,7.2,-18.22,1.0912
2005,70,47809,138B,15,Disk,0 to 15,G57,0.15,1.97,0.04,1.93,7.34,-17.75,1.0917
2005,70,47809,138B,16,Disk,0 to 15,G61,0.19,2.59,0.05,2.54,7.39,-20.31,1.0889
2005,70,47808,107/507,17,Till,0 to 15,G65,0.18,2.33,0.04,2.29,7.06,-16.82,1.0927
2005,70,47808,138B,18,Till,0 to 15,G69,0.18,2.77,0.03,2.74,7.04,-16.51,1.0931
2005,70,47808,138B,19,Till,0 to 15,G73,0.18,2.72,0.04,2.68,6.7,-16.12,1.0935
2005,70,47808,107/507,20,Till,0 to 15,G77,0.18,2.59,0.04,2.55,6.82,-16.3,1.0933
2005,70,47801,107/507,21,Chisel,0 to 15,G81,0.22,3.37,0.1,3.27,6.75,-16.93,1.0926
2005,70,47801,107/507,22,Chisel,0 to 15,G85,0.2,2.94,0.04,2.9,6.5,-17.01,1.0925
2005,70,47801,107/507,23,Chisel,0 to 15,G89,0.19,2.55,0.04,2.51,6.55,-16.33,1.0933
2005,70,47801,107/507,24,Chisel,0 to 15,G93,0.15,2.22,0.05,2.17,6.99,-7.22,1.1033
2005,70,47798,107/507,25,Chisel,0 to 15,G97,0.17,2.24,0.05,2.19,7.22,-15.52,1.0942
2005,70,47798,138B,26,Chisel,0 to 15,G101,0.15,2.02,0.06,1.96,6.7,-16.77,1.0928
2005,70,47798,138B,27,Chisel,0 to 15,G105,0.18,2.29,0.07,2.22,6.75,-16.8,1.0928
2005,70,47798,138B,28,Chisel,0 to 15,G109,0.16,2.25,0.06,2.19,6.72,-17.65,1.0918
2005,70,47791,138B,29,Plow,0 to 15,G113,0.18,2.36,0.06,2.3,6.25,-16.54,1.093
2005,70,47791,107/507,30,Plow,0 to 15,G117,0.2,2.65,0.05,2.6,5.64,-16.82,1.0927
2005,70,47791,107/507,31,Plow,0 to 15,G121,0.16,2.26,0.07,2.19,6.05,-16.15,1.0935
2005,70,47791,107/507,32,Plow,0 to 15,G125,0.16,1.95,0.04,1.91,6.26,-17,1.0925
2005,70,47792,107/507,33,Slot,0 to 15,G129,0.25,3.64,0.04,3.6,6.48,-15.99,1.0936
2005,70,47792,107/507,34,Slot,0 to 15,G133,0.26,3.89,0.06,3.83,6.67,-16.03,1.0936
2005,70,47792,107/507,35,Slot,0 to 15,G137,0.24,3.45,0.04,3.41,6.85,16.76,1.1296
2005,70,47792,107/507,36,Slot,0 to 15,G141,0.19,2.63,0.04,2.59,6.46,-13.07,1.0969
2005,70,47797,107/507,37,Till,0 to 15,G145,0.15,2.05,0.04,2.01,6.46,-15.74,1.0939
2005,70,47797,107/507,38,Till,0 to 15,G149,0.2,2.68,0.05,2.63,6.26,-16.74,1.0928
2005,70,47797,107/507,39,Till,0 to 15,G153,0.19,2.65,0.05,2.6,6.51,-16.37,1.0932
2005,70,47797,107/507,40,Till,0 to 15,G157,0.2,2.83,0.001,2.83,6.68,-16.81,1.0927
2005,70,47802,138B,41,Disk,0 to 15,G161,0.21,2.99,0.001,2.99,6.62,-16.28,1.0933
2005,70,47802,138B,42,Disk,0 to 15,G165,0.22,3.15,0.01,3.14,6.65,-15.96,1.0937
2005,70,47802,107/507,43,Disk,0 to 15,G169,0.23,3.21,0.001,3.21,6.71,-17.78,1.0917
2005,70,47802,107/507,44,Disk,0 to 15,G173,0.25,3.73,0.001,3.73,6.75,-16.55,1.093
2005,70,47807,107/507,45,Chisel,0 to 15,G177,0.18,2.43,0.001,2.43,6.54,-17.63,1.0918
2005,70,47807,138B,46,Chisel,0 to 15,G181,0.14,2.06,0.001,2.06,6.52,-15.83,1.0938
2005,70,47807,138B,47,Chisel,0 to 15,G185,0.16,2.01,0.001,2.01,6.63,-16.8,1.0928
2005,70,47807,107/507,48,Chisel,0 to 15,G189,0.2,2.66,0.001,2.66,6.83,-18.27,1.0911
2005,70,47806,138B,49,Plow,0 to 15,G193,0.15,1.86,0.001,1.86,6.28,-16.48,1.0931
2005,70,47806,138B,50,Plow,0 to 15,G197,0.14,1.74,0.001,1.74,6.24,-18.16,1.0913
2005,70,47806,107/507,51,Plow,0 to 15,G201,0.17,2.1,0.001,2.1,6.44,-18.21,1.0912
2005,70,47803,107/507,52,Slot,0 to 15,G205,0.24,3.04,0.001,3.04,6.85,-3.91,1.1069
2005,70,47803,138B,53,Slot,0 to 15,G209,0.16,2.18,0.001,2.18,5.99,-15.48,1.0942
2005,70,47803,138B,54,Slot,0 to 15,G213,0.14,1.77,0.001,1.77,5.75,-17.85,1.0916
2005,70,47803,138B,55,Slot,0 to 15,G217,0.15,1.7,0.001,1.7,6.05,-16.95,1.0926
2005,70,47796,138B,56,Plow,0 to 15,G221,0.17,2.17,0.001,2.17,5.76,-16.7,1.0929
2005,70,47796,138B,57,Plow,0 to 15,G225,0.2,2.56,0.001,2.56,5.73,-17.36,1.0921
2005,70,47796,138B,58,Plow,0 to 15,G229,0.14,2,0.001,2,5.78,-16.02,1.0936
2005,70,47796,138B,59,Plow,0 to 15,G233,0.13,2.01,0.001,2.01,6.12,-16.08,1.0936
2005,70,47793,107/507,60,Till,0 to 15,G237,0.21,3.14,0.001,3.14,6.6,-3.54,1.1073
2005,70,47793,107/507,61,Till,0 to 15,G241,0.2,2.72,0.001,2.72,6.7,-15.16,1.0946
2005,70,47793,107/507,62,Till,0 to 15,G245,0.16,2.35,0.001,2.35,6.51,-16.23,1.0934
2005,70,47793,107/507,63,Till,0 to 15,G249,0.19,2.81,0.04,2.77,6.33,-15.92,1.0937
2005,70,47794,107/507,64,Chisel,0 to 15,G253,0.16,2.43,0.04,2.39,6.59,-16.96,1.0926
2005,70,47794,107/507,65,Chisel,0 to 15,G257,0.15,2.35,0.001,2.35,5.94,-15.65,1.094
2005,70,47794,107/507,66,Chisel,0 to 15,G261,0.2,3.09,0.04,3.05,6.09,-16.26,1.0933
2005,70,47794,107/507,67,Chisel,0 to 15,G265,0.22,3.53,0.05,3.48,6.38,-15.95,1.0937
2005,70,47795,107/507,68,Disk,0 to 15,G269,0.17,2.35,0.001,2.35,6.43,-16.41,1.0932
2005,70,47795,107/507,69,Disk,0 to 15,G273,0.14,2.21,0.001,2.21,5.73,-15.7,1.094
2005,70,47795,107/507,70,Disk,0 to 15,G277,0.16,2.42,0.01,2.41,5.97,-15.65,1.094
2005,70,47795,107/507,71,Disk,0 to 15,G281,0.2,3.08,0.001,3.08,6.11,-15.64,1.094
2005,70,47804,107/507,72,Till,0 to 15,G285,0.15,2.32,0.001,2.32,6.17,-16.06,1.0936
2005,70,47804,107/507,73,Till,0 to 15,G289,0.14,2.07,0.01,2.06,5.94,-15.59,1.0941
2005,70,47804,107/507,74,Till,0 to 15,G293,0.15,2.14,0.03,2.11,6.32,-16.06,1.0936
2005,70,47804,107/507,75,Till,0 to 15,G297,0.19,2.57,0.03,2.54,6.44,-15.96,1.0937
2005,70,47805,107/507,76,Slot,0 to 15,G301,0.25,3.62,0.02,3.6,6.62,-15.91,1.0937
2005,70,47805,107/507,77,Slot,0 to 15,G305,0.21,3.11,0.02,3.09,5.32,-15.88,1.0938
2005,70,47805,107/507,78,Slot,0 to 15,G309,0.16,2.06,0.02,2.04,5.74,-16.99,1.0925
2005,70,47790,138B,1,Disk,15 to 30,G2,0.16,1.82,0.04,1.77,6.28,-16.19,1.0934
2005,70,47790,138B,2,Disk,15 to 30,G6,0.13,1.89,0.04,1.85,6.87,-7.27,1.1032
2005,70,47790,138B,3,Disk,15 to 30,G10,0.16,1.62,0.15,1.47,6.27,-16.24,1.0934
2005,70,47790,138B,4,Disk,15 to 30,G14,0.12,1.52,0.04,1.48,5.96,-17.34,1.0922
2005,70,47799,138B,5,Slot,15 to 30,G18,0.17,2.34,0.04,2.3,6.51,-16.77,1.0928
2005,70,47799,138B,6,Slot,15 to 30,G22,0.13,1.8,0.04,1.76,6.65,-16.57,1.093
2005,70,47799,138B,7,Slot,15 to 30,G26,0.14,1.96,0.04,1.92,6.2,-15.31,1.0944
2005,70,47799,138B,8,Slot,15 to 30,G30,0.16,2.24,0.04,2.2,5.8,-16.85,1.0927
2005,70,47800,107/507,9,Plow,15 to 30,G34,0.12,1.72,0.03,1.69,6.25,-16.69,1.0929
2005,70,47800,107/507,10,Plow,15 to 30,G38,0.13,1.9,0.02,1.88,6.66,-16.09,1.0935
2005,70,47800,107/507,11,Plow,15 to 30,G42,0.13,1.91,0.03,1.88,6.14,-16.48,1.0931
2005,70,47800,107/507,12,Plow,15 to 30,G46,0.19,2.62,0.03,2.59,5.95,-15.83,1.0938
2005,70,47809,138B,13,Disk,15 to 30,G50,0.12,1.85,0.05,1.8,6.27,-16,1.0936
2005,70,47809,138B,14,Disk,15 to 30,G54,0.18,1.98,0.04,1.94,6.92,-13.67,1.0962
2005,70,47809,138B,15,Disk,15 to 30,G58,0.11,1.48,0.04,1.44,6.53,-15.76,1.0939
2005,70,47809,138B,16,Disk,15 to 30,G62,0.16,2.06,0.04,2.02,5.73,-16.5,1.0931
2005,70,47808,107/507,17,Till,15 to 30,G66,0.17,2.42,0.04,2.38,6.22,-16.97,1.0926
2005,70,47808,138B,18,Till,15 to 30,G70,0.19,3.1,0.04,3.06,7.03,-17.07,1.0925
2005,70,47808,138B,19,Till,15 to 30,G74,0.17,2.66,0.03,2.63,5.11,-16.64,1.0929
2005,70,47808,107/507,20,Till,15 to 30,G78,0.04,0.5,0.04,0.46,5.6,-16.34,1.0933
2005,70,47801,107/507,21,Chisel,15 to 30,G82,0.25,3.78,0.04,3.74,6.11,-17.03,1.0925
2005,70,47801,107/507,22,Chisel,15 to 30,G86,0.23,3.38,0.03,3.35,6.4,-17.31,1.0922
2005,70,47801,107/507,23,Chisel,15 to 30,G90,0.19,2.69,0.04,2.65,6,-14.6,1.0952
2005,70,47801,107/507,24,Chisel,15 to 30,G94,0.14,1.89,0.05,1.84,6.05,-16.44,1.0931
2005,70,47798,107/507,25,Chisel,15 to 30,G98,0.16,2.25,0.05,2.2,6.58,-17.46,1.092
2005,70,47798,138B,26,Chisel,15 to 30,G102,0.14,1.59,0.05,1.54,7.93,-3.21,1.1077
2005,70,47798,138B,27,Chisel,15 to 30,G106,0.13,1.63,0.05,1.58,6.2,-14.59,1.0952
2005,70,47798,138B,28,Chisel,15 to 30,G110,0.16,2.03,0.05,1.98,5.62,-16.85,1.0927
2005,70,47791,138B,29,Plow,15 to 30,G114,0.15,2,0.06,1.94,6.33,-16.79,1.0928
2005,70,47791,107/507,30,Plow,15 to 30,G118,0.21,2.76,0.04,2.72,7.75,-6.62,1.1039
2005,70,47791,107/507,31,Plow,15 to 30,G122,0.16,2.27,0.04,2.23,6.79,-15.96,1.0937
2005,70,47791,107/507,32,Plow,15 to 30,G126,0.15,1.99,0.04,1.95,5.82,-17.19,1.0923
2005,70,47792,107/507,33,Slot,15 to 30,G130,0.24,3.43,0.04,3.39,5.84,-17.15,1.0924
2005,70,47792,107/507,34,Slot,15 to 30,G134,0.2,3.04,0.04,3,7.79,-4.85,1.1059
2005,70,47792,107/507,35,Slot,15 to 30,G138,0.18,2.71,0.03,2.68,6.9,-16.82,1.0927
2005,70,47792,107/507,36,Slot,15 to 30,G142,0.12,1.69,0.04,1.65,6.91,-16.1,1.0935
2005,70,47797,107/507,37,Till,15 to 30,G146,0.12,1.59,0.04,1.55,7.04,-16.86,1.0927
2005,70,47797,107/507,38,Till,15 to 30,G150,0.15,2.14,0.04,2.1,7.8,-6.5,1.1041
2005,70,47797,107/507,39,Till,15 to 30,G154,0.14,2.01,0.05,1.96,6.04,-15.61,1.0941
2005,70,47797,107/507,40,Till,15 to 30,G158,0.17,2.38,0.001,2.38,5.98,-16.95,1.0926
2005,70,47802,138B,41,Disk,15 to 30,G162,0.15,2.35,0.001,2.35,5.99,-17.71,1.0918
2005,70,47802,138B,42,Disk,15 to 30,G166,0.2,2.91,0.001,2.91,7.68,-7.42,1.1031
2005,70,47802,107/507,43,Disk,15 to 30,G170,0.19,2.85,0.001,2.85,7.06,-16.11,1.0935
2005,70,47802,107/507,44,Disk,15 to 30,G174,0.23,3.31,0.001,3.31,6.95,-16.13,1.0935
2005,70,47807,107/507,45,Chisel,15 to 30,G178,0.15,2.11,0.001,2.11,7.23,-16.17,1.0934
2005,70,47807,138B,46,Chisel,15 to 30,G182,0.13,1.64,0.001,1.64,7.79,-4.62,1.1061
2005,70,47807,138B,47,Chisel,15 to 30,G186,0.12,1.53,0.001,1.53,5.63,-15.61,1.0941
2005,70,47807,107/507,48,Chisel,15 to 30,G190,0.18,2.63,0.001,2.63,5.73,-16.54,1.093
2005,70,47806,138B,49,Plow,15 to 30,G194,0.13,1.6,0.001,1.6,6.41,-16.02,1.0936
2005,70,47806,138B,50,Plow,15 to 30,G198,0.13,1.55,0.001,1.55,7.7,-2.82,1.1081
2005,70,47806,107/507,51,Plow,15 to 30,G202,0.14,1.78,0.001,1.78,5.37,-16.29,1.0933
2005,70,47803,107/507,52,Slot,15 to 30,G206,0.22,3,0.001,3,5.5,-16.78,1.0928
2005,70,47803,138B,53,Slot,15 to 30,G210,0.21,2.86,0.001,2.86,6.6,-16.69,1.0929
2005,70,47803,138B,54,Slot,15 to 30,G214,0.12,1.42,0.001,1.42,6.9,-18.35,1.0911
2005,70,47803,138B,55,Slot,15 to 30,G218,0.08,0.87,0.001,0.87,5.5,-17.2,1.0923
2005,70,47796,138B,56,Plow,15 to 30,G222,0.14,1.85,0.001,1.85,5.74,-18.87,1.0905
2005,70,47796,138B,57,Plow,15 to 30,G226,0.16,2.18,0.001,2.18,6.38,-19.51,1.0898
2005,70,47796,138B,58,Plow,15 to 30,G230,0.11,1.61,0.001,1.61,6.42,-19.36,1.0899
2005,70,47796,138B,59,Plow,15 to 30,G234,0.09,1.47,0.001,1.47,5.76,-17.16,1.0924
2005,70,47793,107/507,60,Till,15 to 30,G238,0.14,2.05,0.001,2.05,5.62,-18.81,1.0905
2005,70,47793,107/507,61,Till,15 to 30,G242,0.13,1.93,0.001,1.93,5.93,-20.23,1.089
2005,70,47793,107/507,62,Till,15 to 30,G246,0.12,1.71,0.001,1.71,6.52,-19.96,1.0893
2005,70,47793,107/507,63,Till,15 to 30,G250,0.15,2.39,0.04,2.35,6.28,-15.94,1.0937
2005,70,47794,107/507,64,Chisel,15 to 30,G254,0.14,2.05,0.03,2.02,6.34,-16.75,1.0928
2005,70,47794,107/507,65,Chisel,15 to 30,G258,0.13,2.2,0.001,2.2,6.32,-15.43,1.0943
2005,70,47794,107/507,66,Chisel,15 to 30,G262,0.19,3.11,0.03,3.08,6.42,-17.67,1.0918
2005,70,47794,107/507,67,Chisel,15 to 30,G266,0.19,3.09,0.04,3.05,6,-16.02,1.0936
2005,70,47795,107/507,68,Disk,15 to 30,G270,0.08,1.29,0.02,1.27,6.03,-16.37,1.0932
2005,70,47795,107/507,69,Disk,15 to 30,G274,0.13,2.09,0.001,2.09,6.54,-14.8,1.095
2005,70,47795,107/507,70,Disk,15 to 30,G278,0.15,2.35,0.001,2.35,7.55,-2.16,1.1088
2005,70,47795,107/507,71,Disk,15 to 30,G282,0.21,3.24,0.001,3.24,6.3,-16.81,1.0927
2005,70,47804,107/507,72,Till,15 to 30,G286,0.15,2.36,0.001,2.36,5.81,-16.24,1.0934
2005,70,47804,107/507,73,Till,15 to 30,G290,0.11,1.69,0.01,1.68,6.02,-15.25,1.0945
2005,70,47804,107/507,74,Till,15 to 30,G294,0.12,1.57,0.02,1.55,6.72,-17.87,1.0916
2005,70,47804,107/507,75,Till,15 to 30,G298,0.17,2.29,0.03,2.26,5.72,-15.39,1.0943
2005,70,47805,107/507,76,Slot,15 to 30,G302,0.26,3.68,0.02,3.66,5.59,-16.05,1.0936
2005,70,47805,107/507,77,Slot,15 to 30,G306,0.19,2.56,0.01,2.55,6.02,-16.64,1.0929
2005,70,47805,107/507,78,Slot,15 to 30,G310,0.09,1.41,0.32,1.09,6.55,-18.24,1.0912
2005,70,47790,138B,1,Disk,30 to 60,G3,0.08,1.01,0.04,0.97,6.41,-15.41,1.0943
2005,70,47790,138B,2,Disk,30 to 60,G7,0.07,0.96,0.04,0.91,5.95,-15.11,1.0946
2005,70,47790,138B,3,Disk,30 to 60,G11,0.07,0.91,0.04,0.87,6.09,-15.37,1.0943
2005,70,47790,138B,4,Disk,30 to 60,G15,0.07,0.84,0.04,0.8,6.58,-15.97,1.0937
2005,70,47799,138B,5,Slot,30 to 60,G19,0.11,1.46,0.001,1.46,6.25,-15.32,1.0944
2005,70,47799,138B,6,Slot,30 to 60,G23,0.07,1.04,0.04,1,5.87,-16.27,1.0933
2005,70,47799,138B,7,Slot,30 to 60,G27,0.09,1.15,0.03,1.12,6.19,-16.09,1.0935
2005,70,47799,138B,8,Slot,30 to 60,G31,0.1,1.58,0.03,1.55,6.64,-16.58,1.093
2005,70,47800,107/507,9,Plow,30 to 60,G35,0.06,0.82,0.02,0.8,6.54,-15.41,1.0943
2005,70,47800,107/507,10,Plow,30 to 60,G39,0.06,0.95,0.03,0.92,5.45,-16.55,1.093
2005,70,47800,107/507,11,Plow,30 to 60,G43,0.07,1.32,0.02,1.3,6.17,-15.88,1.0938
2005,70,47800,107/507,12,Plow,30 to 60,G47,0.16,2.02,0.02,2,6.53,-15.72,1.0939
2005,70,47809,138B,13,Disk,30 to 60,G51,0.07,1.01,0.06,0.95,6.31,-15.69,1.094
2005,70,47809,138B,14,Disk,30 to 60,G55,0.08,1.15,0.04,1.11,5.71,-16.91,1.0926
2005,70,47809,138B,15,Disk,30 to 60,G59,0.06,0.76,0.04,0.72,6.12,-16.05,1.0936
2005,70,47809,138B,16,Disk,30 to 60,G63,0.09,1.33,0.04,1.29,6.45,-16.44,1.0931
2005,70,47808,107/507,17,Till,30 to 60,G67,0.11,1.64,0.04,1.6,6.61,-15.24,1.0945
2005,70,47808,138B,18,Till,30 to 60,G71,0.15,2.34,0.03,2.31,5.59,-17.07,1.0925
2005,70,47808,138B,19,Till,30 to 60,G75,0.15,2.06,0.04,2.02,6.15,-16.63,1.0929
2005,70,47808,107/507,20,Till,30 to 60,G79,0.07,1.11,0.04,1.07,6.63,-16.33,1.0933
2005,70,47801,107/507,21,Chisel,30 to 60,G83,0.14,2.18,0.03,2.15,6.3,-15.81,1.0938
2005,70,47801,107/507,22,Chisel,30 to 60,G87,0.15,2.11,0.03,2.08,6.5,-16.27,1.0933
2005,70,47801,107/507,23,Chisel,30 to 60,G91,0.1,1.36,0.05,1.31,6.73,-15.94,1.0937
2005,70,47801,107/507,24,Chisel,30 to 60,G95,0.09,1.09,0.05,1.04,7.62,-2.31,1.1087
2005,70,47798,107/507,25,Chisel,30 to 60,G99,0.1,1.46,0.05,1.41,6.27,-15.44,1.0942
2005,70,47798,138B,26,Chisel,30 to 60,G103,0.08,0.94,0.06,0.88,6.33,-16.41,1.0932
2005,70,47798,138B,27,Chisel,30 to 60,G107,0.08,0.83,0.05,0.78,6.51,-17.05,1.0925
2005,70,47798,138B,28,Chisel,30 to 60,G111,0.1,1.23,0.05,1.18,7.71,-2.99,1.1079
2005,70,47791,138B,29,Plow,30 to 60,G115,0.1,1.18,0.05,1.13,6.6,-15.65,1.094
2005,70,47791,107/507,30,Plow,30 to 60,G119,0.11,1.47,0.04,1.43,6.77,-16.37,1.0932
2005,70,47791,107/507,31,Plow,30 to 60,G123,0.1,1.19,0.06,1.13,6.76,-16.31,1.0933
2005,70,47791,107/507,32,Plow,30 to 60,G127,0.09,1,0.05,0.95,7.09,-13.2,1.0967
2005,70,47792,107/507,33,Slot,30 to 60,G131,0.11,1.72,0.02,1.7,5.94,-15.8,1.0939
2005,70,47792,107/507,34,Slot,30 to 60,G135,0.13,1.96,0.04,1.92,6.19,-16.72,1.0928
2005,70,47792,107/507,35,Slot,30 to 60,G139,0.1,1.71,0.05,1.66,6.56,-16.82,1.0927
2005,70,47792,107/507,36,Slot,30 to 60,G143,0.09,1.29,0.03,1.26,6.91,-17.46,1.092
2005,70,47797,107/507,37,Till,30 to 60,G147,0.06,0.82,0.11,0.71,5.71,-15.78,1.0939
2005,70,47797,107/507,38,Till,30 to 60,G151,0.09,1.15,0.04,1.11,6.09,-16.12,1.0935
2005,70,47797,107/507,39,Till,30 to 60,G155,0.07,0.98,0.04,0.94,6.41,-16.72,1.0928
2005,70,47797,107/507,40,Till,30 to 60,G159,0.09,1.47,0.001,1.47,7.33,-5.99,1.1046
2005,70,47802,138B,41,Disk,30 to 60,G163,0.09,1.25,0.001,1.25,5.75,-15.97,1.0937
2005,70,47802,138B,42,Disk,30 to 60,G167,0.12,1.92,0.001,1.92,6.21,-16.09,1.0935
2005,70,47802,107/507,43,Disk,30 to 60,G171,0.13,1.92,0.001,1.92,6.52,-16.2,1.0934
2005,70,47802,107/507,44,Disk,30 to 60,G175,0.13,1.87,0.001,1.87,7.87,-2.83,1.1081
2005,70,47807,107/507,45,Chisel,30 to 60,G179,0.07,0.94,0.001,0.94,6.66,-15.92,1.0937
2005,70,47807,138B,46,Chisel,30 to 60,G183,0.07,0.85,0.001,0.85,7.18,-16.36,1.0932
2005,70,47807,138B,47,Chisel,30 to 60,G187,0.08,0.82,0.001,0.82,7.81,-7.93,1.1025
2005,70,47807,107/507,48,Chisel,30 to 60,G191,0.1,1.51,0.001,1.51,8.04,-3.1,1.1078
2005,70,47806,138B,49,Plow,30 to 60,G195,0.08,0.88,0.001,0.88,6.22,-15.92,1.0937
2005,70,47806,138B,50,Plow,30 to 60,G199,0.07,0.68,0.001,0.68,6.05,-17.02,1.0925
2005,70,47806,107/507,51,Plow,30 to 60,G203,0.07,1.66,1.02,0.64,6.57,-16.57,1.093
2005,70,47803,107/507,52,Slot,30 to 60,G207,0.12,1.61,0.001,1.61,7.25,-9.42,1.1009
2005,70,47803,138B,53,Slot,30 to 60,G211,0.1,1.35,0.001,1.35,5.84,-15.84,1.0938
2005,70,47803,138B,54,Slot,30 to 60,G215,0.06,0.6,0.001,0.6,6.79,-16.4,1.0932
2005,70,47803,138B,55,Slot,30 to 60,G219,0.05,0.42,0.001,0.42,6.76,-16.25,1.0934
2005,70,47796,138B,56,Plow,30 to 60,G223,0.08,0.91,0.001,0.91,7.33,-8.51,1.1019
2005,70,47796,138B,57,Plow,30 to 60,G227,0.1,1.16,0.001,1.16,6.12,-15.42,1.0943
2005,70,47796,138B,58,Plow,30 to 60,G231,0.05,0.85,0.001,0.85,6.7,-16.47,1.0931
2005,70,47796,138B,59,Plow,30 to 60,G235,0.06,0.87,0.001,0.87,6.89,-16.58,1.093
2005,70,47793,107/507,60,Till,30 to 60,G239,0.06,1.03,0.001,1.03,7.67,-3.69,1.1072
2005,70,47793,107/507,61,Till,30 to 60,G243,0.05,1.03,0.35,0.68,5.79,-15.25,1.0945
2005,70,47793,107/507,62,Till,30 to 60,G247,0.06,0.9,0.001,0.9,6.17,-15.76,1.0939
2005,70,47793,107/507,63,Till,30 to 60,G251,0.09,1.45,0.04,1.41,6.46,-16.45,1.0931
2005,70,47794,107/507,64,Chisel,30 to 60,G255,0.08,1.22,0.03,1.19,7.54,-2.22,1.1088
2005,70,47794,107/507,65,Chisel,30 to 60,G259,0.08,1.16,0.02,1.14,6.26,-15.8,1.0939
2005,70,47794,107/507,66,Chisel,30 to 60,G263,0.09,1.43,0.03,1.4,5.9,-16.06,1.0936
2005,70,47794,107/507,67,Chisel,30 to 60,G267,0.09,1.58,0.03,1.55,6.27,-16.62,1.093
2005,70,47795,107/507,68,Disk,30 to 60,G271,0.08,1.1,0.001,1.1,7.56,-3.8,1.107
2005,70,47795,107/507,69,Disk,30 to 60,G275,0.12,1.84,0.01,1.83,6.18,-15.97,1.0937
2005,70,47795,107/507,70,Disk,30 to 60,G279,0.09,1.36,0.02,1.34,6.37,-16.15,1.0935
2005,70,47795,107/507,71,Disk,30 to 60,G283,0.11,2.05,0.001,2.05,6.55,-16.58,1.093
2005,70,47804,107/507,72,Till,30 to 60,G287,0.04,0.67,0.02,0.65,7.65,-3.85,1.107
2005,70,47804,107/507,73,Till,30 to 60,G291,0.06,0.9,0.01,0.89,5.58,-16.36,1.0932
2005,70,47804,107/507,74,Till,30 to 60,G295,0.05,0.72,0.02,0.7,6.36,-16.28,1.0933
2005,70,47804,107/507,75,Till,30 to 60,G299,0.06,0.84,0.02,0.82,7.15,-12.33,1.0977
2005,70,47805,107/507,76,Slot,30 to 60,G303,0.11,1.54,0.01,1.53,7.91,-2.55,1.1084
2005,70,47805,107/507,77,Slot,30 to 60,G307,0.07,0.99,0.001,0.99,5.76,-16.27,1.0933
2005,70,47805,107/507,78,Slot,30 to 60,G311,0.03,1.95,1.58,0.37,6.5,-16.24,1.0934
2005,70,47790,138B,1,Disk,60 to 90,G4,0.03,0.26,0.03,0.23,6.47,-16.32,1.0933
2005,70,47790,138B,2,Disk,60 to 90,G8,0.03,1.14,0.9,0.24,7.52,-5.65,1.105
2005,70,47790,138B,3,Disk,60 to 90,G12,0.03,2.4,2.16,0.24,6.91,-15.69,1.094
2005,70,47790,138B,4,Disk,60 to 90,G16,0.03,0.29,0.04,0.25,7.4,-16.2,1.0934
2005,70,47799,138B,5,Slot,60 to 90,G20,0.04,0.5,0.02,0.48,7.61,-15,1.0947
2005,70,47799,138B,6,Slot,60 to 90,G24,0.04,1.21,0.88,0.33,7.92,-3.64,1.1072
2005,70,47799,138B,7,Slot,60 to 90,G28,0.03,0.4,0.03,0.37,6.47,-15.89,1.0938
2005,70,47799,138B,8,Slot,60 to 90,G32,0.04,0.53,0.02,0.51,6.69,-16.77,1.0928
2005,70,47800,107/507,9,Plow,60 to 90,G36,0.03,0.56,0.26,0.3,7.59,-11.79,1.0983
2005,70,47800,107/507,10,Plow,60 to 90,G40,0.03,0.28,0.02,0.26,7.99,-2.78,1.1082
2005,70,47800,107/507,11,Plow,60 to 90,G44,0.04,0.53,0.02,0.51,6.45,-16.37,1.0932
2005,70,47800,107/507,12,Plow,60 to 90,G48,0.05,0.65,0.06,0.59,6.89,-16.47,1.0931
2005,70,47809,138B,13,Disk,60 to 90,G52,0.03,1.48,1.25,0.23,7.13,-16.59,1.093
2005,70,47809,138B,14,Disk,60 to 90,G56,0.04,0.31,0.04,0.27,7.74,-11.68,1.0984
2005,70,47809,138B,15,Disk,60 to 90,G60,0.03,1.99,1.66,0.33,5.64,-16.59,1.093
2005,70,47809,138B,16,Disk,60 to 90,G64,0.05,0.49,0.04,0.45,5.56,-16.69,1.0929
2005,70,47808,107/507,17,Till,60 to 90,G68,0.05,0.59,0.03,0.56,6.08,-16.55,1.093
2005,70,47808,138B,18,Till,60 to 90,G72,0.08,1.26,0.03,1.23,6.55,-16.75,1.0928
2005,70,47808,138B,19,Till,60 to 90,G76,0.16,2.4,0.04,2.36,5.02,-16.69,1.0929
2005,70,47808,107/507,20,Till,60 to 90,G80,0.04,1.06,0.59,0.47,5.81,-17.27,1.0922
2005,70,47801,107/507,21,Chisel,60 to 90,G84,0.04,0.49,0.03,0.46,5.77,-17.17,1.0923
2005,70,47801,107/507,22,Chisel,60 to 90,G88,0.05,0.7,0.09,0.61,7.4,-6.87,1.1037
2005,70,47801,107/507,23,Chisel,60 to 90,G92,0.05,0.65,0.15,0.5,6.09,-16.98,1.0926
2005,70,47801,107/507,24,Chisel,60 to 90,G96,0.04,0.36,0.05,0.31,6.58,-15.68,1.094
2005,70,47798,107/507,25,Chisel,60 to 90,G100,0.04,0.36,0.05,0.31,6.64,-16.1,1.0935
2005,70,47798,138B,26,Chisel,60 to 90,G104,0.03,1.54,1.47,0.07,7.66,-3.81,1.107
2005,70,47798,138B,27,Chisel,60 to 90,G108,0.04,1.2,0.71,0.49,6.19,-16.06,1.0936
2005,70,47798,138B,28,Chisel,60 to 90,G112,0.04,1.83,1.36,0.47,5.62,-16.63,1.0929
2005,70,47791,138B,29,Plow,60 to 90,G116,0.05,1.15,0.68,0.47,6.41,-16.4,1.0932
2005,70,47791,107/507,30,Plow,60 to 90,G120,0.05,1.59,1.12,0.47,7.13,-9.42,1.1009
2005,70,47791,107/507,31,Plow,60 to 90,G124,0.04,2.11,1.6,0.51,6.48,-16.07,1.0936
2005,70,47791,107/507,32,Plow,60 to 90,G128,0.03,2.22,2.17,0.05,5.85,-17.24,1.0923
2005,70,47792,107/507,33,Slot,60 to 90,G132,0.05,0.78,0.04,0.74,6.46,-16.58,1.093
2005,70,47792,107/507,34,Slot,60 to 90,G136,0.14,2.27,0.04,2.23,6.83,-16.62,1.093
2005,70,47792,107/507,35,Slot,60 to 90,G140,0.05,0.94,0.03,0.91,6.48,-16.38,1.0932
2005,70,47792,107/507,36,Slot,60 to 90,G144,0.06,0.73,0.04,0.69,6.21,-16.36,1.0932
2005,70,47797,107/507,37,Till,60 to 90,G148,0.03,1.97,1.76,0.21,6.18,-15.79,1.0939
2005,70,47797,107/507,38,Till,60 to 90,G152,0.04,0.33,0.05,0.28,6.93,-8.33,1.1021
2005,70,47797,107/507,39,Till,60 to 90,G156,0.04,0.32,0.001,0.32,6.28,-15.26,1.0944
2005,70,47797,107/507,40,Till,60 to 90,G160,0.03,0.38,0.001,0.38,5.85,-15.85,1.0938
2005,70,47802,138B,41,Disk,60 to 90,G164,0.05,0.48,0.001,0.48,5.82,-15.44,1.0942
2005,70,47802,138B,42,Disk,60 to 90,G168,0.06,0.78,0.001,0.78,7.24,-5.37,1.1053
2005,70,47802,107/507,43,Disk,60 to 90,G172,0.04,0.42,0.001,0.42,6.58,-15.3,1.0944
2005,70,47802,107/507,44,Disk,60 to 90,G176,0.04,0.51,0.001,0.51,6,-16.33,1.0933
2005,70,47807,107/507,45,Chisel,60 to 90,G180,0.02,1.87,1.95,-0.08,6.3,-16.6,1.093
2005,70,47807,138B,46,Chisel,60 to 90,G184,0.04,2.03,1.34,0.69,6.77,-16.7,1.0929
2005,70,47807,138B,47,Chisel,60 to 90,G188,0.03,0.41,0.001,0.41,6.12,-16.47,1.0931
2005,70,47807,107/507,48,Chisel,60 to 90,G192,0.05,0.63,0.001,0.63,5.7,-17.17,1.0923
2005,70,47806,138B,49,Plow,60 to 90,G196,0.03,0.57,0.61,-0.04,6.26,-15.86,1.0938
2005,70,47806,138B,50,Plow,60 to 90,G200,0.03,3.34,2.44,0.9,6.74,-16.93,1.0926
2005,70,47806,107/507,51,Plow,60 to 90,G204,0.03,2.78,2.45,0.33,6.61,-16.74,1.0928
2005,70,47803,107/507,52,Slot,60 to 90,G208,0.05,0.85,0.36,0.49,6.72,-16.61,1.093
2005,70,47803,138B,53,Slot,60 to 90,G212,0.05,0.99,0.53,0.46,6.8,-15.51,1.0942
2005,70,47803,138B,54,Slot,60 to 90,G216,0.04,1.44,1.44,0,6.64,-16.05,1.0936
2005,70,47803,138B,55,Slot,60 to 90,G220,0.03,1.38,1.41,-0.03,6.44,-16.25,1.0934
2005,70,47796,138B,56,Plow,60 to 90,G224,0.04,1.34,1.15,0.19,6.19,-16.5,1.0931
2005,70,47796,138B,57,Plow,60 to 90,G228,0.04,1.79,1.7,0.09,6.07,-16.43,1.0932
2005,70,47796,138B,58,Plow,60 to 90,G232,0.01,2.38,2.55,-0.17,6.68,-16.28,1.0933
2005,70,47796,138B,59,Plow,60 to 90,G236,0.02,0.94,0.69,0.25,6.43,-16.25,1.0934
2005,70,47793,107/507,60,Till,60 to 90,G240,0.02,1.48,1.37,0.11,6.79,-16.31,1.0933
2005,70,47793,107/507,61,Till,60 to 90,G244,0.02,2.03,1.89,0.14,6.89,-15.85,1.0938
2005,70,47793,107/507,62,Till,60 to 90,G248,0.02,0.45,0.2,0.25,7.56,-2.6,1.1084
2005,70,47793,107/507,63,Till,60 to 90,G252,0.03,0.43,0.03,0.4,6,-15.7,1.094
2005,70,47794,107/507,64,Chisel,60 to 90,G256,0.02,0.75,0.51,0.24,6.05,-16.45,1.0931
2005,70,47794,107/507,65,Chisel,60 to 90,G260,0.02,1.36,1.19,0.17,6.33,-15.7,1.094
2005,70,47794,107/507,66,Chisel,60 to 90,G264,0.03,0.86,0.52,0.34,7.56,-4.39,1.1064
2005,70,47794,107/507,67,Chisel,60 to 90,G268,0.04,0.55,0.01,0.54,5.94,-17,1.0925
2005,70,47795,107/507,68,Disk,60 to 90,G272,0.02,0.6,0.28,0.32,6.05,-16.41,1.0932
2005,70,47795,107/507,69,Disk,60 to 90,G276,0.03,1.14,0.85,0.29,6.56,-16.19,1.0934
2005,70,47795,107/507,70,Disk,60 to 90,G280,0.04,0.54,0.06,0.48,6.93,-16.77,1.0928
2005,70,47795,107/507,71,Disk,60 to 90,G284,0.06,0.76,0.001,0.76,5.95,-15.98,1.0937
2005,70,47804,107/507,72,Till,60 to 90,G288,0.1,1.64,0.02,1.62,5.99,-16.28,1.0933
2005,70,47804,107/507,73,Till,60 to 90,G292,0.02,0.27,0.03,0.24,6.58,-16.51,1.0931
2005,70,47804,107/507,74,Till,60 to 90,G296,0.03,1.52,1.17,0.35,7.43,-6.11,1.1045
2005,70,47804,107/507,75,Till,60 to 90,G300,0.04,1.34,1.01,0.33,7.14,-15.66,1.094
2005,70,47805,107/507,76,Slot,60 to 90,G304,0.05,0.68,0.04,0.64,7.57,-13.87,1.096
2005,70,47805,107/507,77,Slot,60 to 90,G308,0.03,0.91,0.65,0.26,7.87,-3.06,1.1079
2005,70,47805,107/507,78,Slot,60 to 90,G312,0.03,2.86,2.55,0.31,8.01,-1.73,1.1093
2005,71,47810,107/507,79,Slot,0 to 15,G313,0.16,2.29,0.02,2.27,6.43,-16.82,1.0927
2005,71,47810,107/507,80,Slot,0 to 15,G317,0.19,2.72,0.001,2.72,6.61,-17.29,1.0922
2005,71,47810,107/507,81,Slot,0 to 15,G321,0.23,2.85,0.001,2.85,7.35,-11.14,1.099
2005,71,47810,107/507,82,Slot,0 to 15,G325,0.22,3.25,0.001,3.25,7.9,-1.82,1.1092
2005,71,47819,107/507,83,Slot,0 to 15,G329,0.17,2.39,0.01,2.38,6.61,-16.8,1.0928
2005,71,47819,107/507,84,Slot,0 to 15,G333,0.18,2.54,0.02,2.52,7.03,-16.58,1.093
2005,71,47819,107/507,85,Slot,0 to 15,G337,0.18,2.61,0.01,2.6,7.72,-7.37,1.1031
2005,71,47819,107/507,86,Slot,0 to 15,G341,0.18,2.52,0.01,2.51,8.04,-1.67,1.1094
2005,71,47820,107/507,87,Disk,0 to 15,G345,0.17,2.56,0.02,2.54,6.21,-17.58,1.0919
2005,71,47820,107/507,88,Disk,0 to 15,G349,0.2,3.06,0.01,3.05,6.48,-17.65,1.0918
2005,71,47820,107/507,89,Disk,0 to 15,G353,0.2,3.12,0.04,3.08,7.16,-14.97,1.0948
2005,71,47820,107/507,90,Disk,0 to 15,G357,0.2,2.71,0.04,2.67,7.84,-2.16,1.1088
2005,71,47829,107/507,91,Slot,0 to 15,G361,0.27,3.73,0.04,3.69,6.6,-17.38,1.0921
2005,71,47829,107/507,92,Slot,0 to 15,G365,0.22,3.09,0.03,3.06,6.93,-16.41,1.0932
2005,71,47829,107/507,93,Slot,0 to 15,G369,0.16,2.12,0.04,2.08,6.69,-17.58,1.0919
2005,71,47829,138B,94,Slot,0 to 15,G373,0.15,1.86,0.03,1.83,6.81,-17.21,1.0923
2005,71,47828,138B,95,Chisel,0 to 15,G377,0.16,2.03,0.03,2,5.7,-16.57,1.093
2005,71,47828,107/507,96,Chisel,0 to 15,G381,0.18,2.61,0.07,2.54,5.49,-16.12,1.0935
2005,71,47828,107/507,97,Chisel,0 to 15,G385,0.25,3.47,0.02,3.45,6.35,-15.78,1.0939
2005,71,47828,107/507,98,Chisel,0 to 15,G389,0.27,3.72,0.04,3.68,7.65,-3.18,1.1077
2005,71,47821,107/507,99,Plow,0 to 15,G393,0.13,1.65,0.07,1.58,5.72,-16.77,1.0928
2005,71,47821,138B,100,Plow,0 to 15,G397,0.14,1.79,0.07,1.72,5.56,-15.39,1.0943
2005,71,47821,138B,101,Plow,0 to 15,G401,0.16,2.16,0.001,2.16,5.97,-16.44,1.0931
2005,71,47821,138B,102,Plow,0 to 15,G405,0.13,1.74,0.001,1.74,7.32,-4.35,1.1064
2005,71,47818,107/507,103,Disk,0 to 15,G409,0.17,2.28,0.001,2.28,5.81,-16.17,1.0934
2005,71,47818,107/507,104,Disk,0 to 15,G413,0.16,2.22,0.001,2.22,5.44,-15.49,1.0942
2005,71,47818,107/507,105,Disk,0 to 15,G417,0.14,1.71,0.001,1.71,6.53,-16.6,1.093
2005,71,47818,138B,106,Disk,0 to 15,G421,0.13,1.65,0.001,1.65,7.66,-1.95,1.1091
2005,71,47811,107/507,107,Plow,0 to 15,G425,0.17,2.56,0.001,2.56,5.9,-16.48,1.0931
2005,71,47811,107/507,108,Plow,0 to 15,G429,0.17,2.49,0.001,2.49,5.78,-15.88,1.0938
2005,71,47811,107/507,109,Plow,0 to 15,G433,0.17,2.48,0.001,2.48,6.33,-16.23,1.0934
2005,71,47811,107/507,110,Plow,0 to 15,G437,0.12,1.62,0.001,1.62,7.02,-10.66,1.0995
2005,71,47812,107/507,111,Till,0 to 15,G441,0.2,3.04,0.001,3.04,6.08,-16.56,1.093
2005,71,47812,107/507,112,Till,0 to 15,G445,0.17,2.6,0.001,2.6,6.34,-15.5,1.0942
2005,71,47812,107/507,113,Till,0 to 15,G449,0.16,2.33,0.001,2.33,6.38,-14.13,1.0957
2005,71,47812,107/507,114,Till,0 to 15,G453,0.14,2.12,0.001,2.12,7.04,-16.89,1.0927
2005,71,47817,138B,115,Plow,0 to 15,G457,0.13,1.77,0.001,1.77,5.33,-16.8,1.0928
2005,71,47817,107/507,116,Plow,0 to 15,G461,0.14,1.97,0.001,1.97,5.85,-15.84,1.0938
2005,71,47817,107/507,117,Plow,0 to 15,G465,0.16,2.35,0.001,2.35,6.42,-16.51,1.0931
2005,71,47817,107/507,118,Plow,0 to 15,G469,0.14,2,0.001,2,6.63,-16.9,1.0926
2005,71,47822,138B,119,Slot,0 to 15,G473,0.17,2.34,0.001,2.34,5.49,-16.97,1.0926
2005,71,47822,138B,120,Slot,0 to 15,G477,0.16,2.18,0.001,2.18,5.89,-16.01,1.0936
2005,71,47822,138B,121,Slot,0 to 15,G481,0.14,1.76,0.001,1.76,6.28,-16.39,1.0932
2005,71,47822,138B,122,Slot,0 to 15,G485,0.15,1.98,0.001,1.98,6.88,-16.23,1.0934
2005,71,47827,107/507,123,Till,0 to 15,G489,0.24,3.4,0.001,3.4,5.87,-17.57,1.0919
2005,71,47827,107/507,124,Till,0 to 15,G493,0.23,3.44,0.001,3.44,6.16,-18.21,1.0912
2005,71,47827,107/507,125,Till,0 to 15,G497,0.23,3.29,0.001,3.29,7.14,-14.79,1.095
2005,71,47827,138B,126,Till,0 to 15,G501,0.2,2.99,0.001,2.99,7.88,-2.91,1.108
2005,71,47826,138B,127,Disk,0 to 15,G505,0.16,2.14,0.001,2.14,5.87,-17.47,1.092
2005,71,47826,107/507,128,Disk,0 to 15,G509,0.14,1.99,0.001,1.99,5.94,-17.28,1.0922
2005,71,47826,107/507,129,Disk,0 to 15,G513,0.22,2.88,0.001,2.88,6.4,-16.66,1.0929
2005,71,47826,107/507,130,Disk,0 to 15,G517,0.24,3.29,0.001,3.29,7.09,-15.54,1.0941
2005,71,47823,138B,131,Chisel,0 to 15,G521,0.16,2.13,0.001,2.13,6.27,-17.89,1.0916
2005,71,47823,138B,132,Chisel,0 to 15,G525,0.14,2.07,0.001,2.07,5.89,-17.33,1.0922
2005,71,47823,138B,133,Chisel,0 to 15,G529,0.15,1.94,0.001,1.94,6.8,-16.25,1.0934
2005,71,47823,138B,134,Chisel,0 to 15,G533,0.17,2.28,0.001,2.28,7.72,-4.79,1.106
2005,71,47816,107/507,135,Till,0 to 15,G537,0.2,2.7,0.001,2.7,5.65,-17.61,1.0919
2005,71,47816,107/507,136,Till,0 to 15,G541,0.17,2.3,0.001,2.3,5.87,-16.44,1.0931
2005,71,47816,138B,137,Till,0 to 15,G545,0.16,2.05,0.001,2.05,5.97,-16.47,1.0931
2005,71,47816,138B,138,Till,0 to 15,G549,0.18,1.97,0.001,1.97,7.12,-14.01,1.0958
2005,71,47813,107/507,139,Chisel,0 to 15,G553,0.19,2.4,0.001,2.4,5.29,-17.59,1.0919
2005,71,47813,107/507,140,Chisel,0 to 15,G557,0.17,2.06,0.001,2.06,5.26,-16.89,1.0927
2005,71,47813,107/507,141,Chisel,0 to 15,G561,0.22,2.72,0.001,2.72,5.76,-17.59,1.0919
2005,71,47813,107/507,142,Chisel,0 to 15,G565,0.2,2.53,0.001,2.53,7.46,-8.11,1.1023
2005,71,47814,107/507,143,Disk,0 to 15,G569,0.21,2.53,0.001,2.53,5.67,-17.55,1.0919
2005,71,47814,107/507,144,Disk,0 to 15,G573,0.22,2.88,0.001,2.88,5.34,-16.71,1.0929
2005,71,47814,107/507,145,Disk,0 to 15,G577,0.22,2.75,0.001,2.75,5.71,-16.62,1.093
2005,71,47814,138B,146,Disk,0 to 15,G581,0.21,2.69,0.001,2.69,7.54,-9.75,1.1005
2005,71,47815,138B,147,Chisel,0 to 15,G585,0.17,1.99,0.001,1.99,6.13,-17.31,1.0922
2005,71,47815,138B,148,Chisel,0 to 15,G589,0.16,1.77,0.001,1.77,6.04,-17.8,1.0917
2005,71,47815,138B,149,Chisel,0 to 15,G593,0.17,1.9,0.001,1.9,6.67,-16.09,1.0935
2005,71,47815,138B,150,Chisel,0 to 15,G597,0.21,2.34,0.001,2.34,7.77,-3.38,1.1075
2005,71,47824,138B,151,Till,0 to 15,G601,0.16,1.79,0.001,1.79,6,-17.45,1.092
2005,71,47824,138B,152,Till,0 to 15,G605,0.18,2.03,0.001,2.03,5.9,-17.23,1.0923
2005,71,47824,138B,153,Till,0 to 15,G609,0.16,1.71,0.001,1.71,6.37,-16.56,1.093
2005,71,47824,107/507,154,Till,0 to 15,G613,0.15,1.65,0.001,1.65,7.1,-13.78,1.0961
2005,71,47825,107/507,155,Plow,0 to 15,G617,0.21,2.54,0.001,2.54,5.61,-17.62,1.0918
2005,71,47825,138B,156,Plow,0 to 15,G621,0.21,2.67,0.001,2.67,5.58,-17.53,1.0919
2005,71,47825,138B,157,Plow,0 to 15,G625,0.18,2.11,0.001,2.11,6.29,-17.23,1.0923
2005,71,47825,138B,158,Plow,0 to 15,G629,0.14,1.52,0.001,1.52,6.76,-17.23,1.0923
2005,71,47810,107/507,79,Slot,15 to 30,G314,0.1,1.35,0.01,1.34,5.91,-16.38,1.0932
2005,71,47810,107/507,80,Slot,15 to 30,G318,0.12,1.73,0.001,1.73,6.05,-16.73,1.0928
2005,71,47810,107/507,81,Slot,15 to 30,G322,0.17,2.25,0.001,2.25,6.48,-16.75,1.0928
2005,71,47810,107/507,82,Slot,15 to 30,G326,0.16,2.26,0.01,2.25,7.75,-1.53,1.1095
2005,71,47819,107/507,83,Slot,15 to 30,G330,0.15,2.05,0.02,2.03,6.91,-16.96,1.0926
2005,71,47819,107/507,84,Slot,15 to 30,G334,0.14,1.92,0.02,1.9,6.9,-17.16,1.0924
2005,71,47819,107/507,85,Slot,15 to 30,G338,0.11,1.85,0.01,1.84,6.98,-17.42,1.0921
2005,71,47819,107/507,86,Slot,15 to 30,G342,0.13,1.9,0.02,1.88,7.8,-5.86,1.1048
2005,71,47820,107/507,87,Disk,15 to 30,G346,0.14,2.23,0.02,2.21,5.69,-16.35,1.0932
2005,71,47820,107/507,88,Disk,15 to 30,G350,0.16,2.7,0.01,2.69,5.7,-16.34,1.0933
2005,71,47820,107/507,89,Disk,15 to 30,G354,0.14,2.33,0.04,2.29,5.72,-15.82,1.0938
2005,71,47820,107/507,90,Disk,15 to 30,G358,0.12,1.6,0.03,1.57,5.92,-17.27,1.0922
2005,71,47829,107/507,91,Slot,15 to 30,G362,0.23,3.17,0.04,3.13,6.09,-16.9,1.0926
2005,71,47829,107/507,92,Slot,15 to 30,G366,0.17,2.42,0.03,2.39,5.9,-16.88,1.0927
2005,71,47829,107/507,93,Slot,15 to 30,G370,0.15,1.95,0.04,1.91,6.16,-17.14,1.0924
2005,71,47829,138B,94,Slot,15 to 30,G374,0.11,1.3,0.04,1.26,6.59,-17.91,1.0915
2005,71,47828,138B,95,Chisel,15 to 30,G378,0.13,1.6,0.04,1.56,5.79,-16.85,1.0927
2005,71,47828,107/507,96,Chisel,15 to 30,G382,0.05,0.52,0.07,0.45,5.81,-15.14,1.0946
2005,71,47828,107/507,97,Chisel,15 to 30,G386,0.21,2.94,0.07,2.87,6.2,-17.41,1.0921
2005,71,47828,107/507,98,Chisel,15 to 30,G390,0.32,4.1,0.02,4.08,7.38,-7.17,1.1033
2005,71,47821,107/507,99,Plow,15 to 30,G394,0.12,1.52,0.07,1.45,5.77,-15.93,1.0937
2005,71,47821,138B,100,Plow,15 to 30,G398,0.12,1.56,0.07,1.49,5.53,-15.06,1.0947
2005,71,47821,138B,101,Plow,15 to 30,G402,0.18,2.37,0.001,2.37,6.36,-15.05,1.0947
2005,71,47821,138B,102,Plow,15 to 30,G406,0.14,1.73,0.001,1.73,6.56,-17.46,1.092
2005,71,47818,107/507,103,Disk,15 to 30,G410,0.14,1.93,0.001,1.93,5.42,-17.24,1.0923
2005,71,47818,107/507,104,Disk,15 to 30,G414,0.17,2.58,0.001,2.58,5.32,-17.22,1.0923
2005,71,47818,107/507,105,Disk,15 to 30,G418,0.13,1.76,0.001,1.76,5.95,-16.75,1.0928
2005,71,47818,138B,106,Disk,15 to 30,G422,0.13,1.59,0.001,1.59,6.26,-17.57,1.0919
2005,71,47811,107/507,107,Plow,15 to 30,G426,0.16,2.38,0.001,2.38,5.31,-17.21,1.0923
2005,71,47811,107/507,108,Plow,15 to 30,G430,0.14,2.05,0.001,2.05,5.28,-16.61,1.093
2005,71,47811,107/507,109,Plow,15 to 30,G434,0.17,2.44,0.001,2.44,5.93,-16.87,1.0927
2005,71,47811,107/507,110,Plow,15 to 30,G438,0.1,1.24,0.001,1.24,7.67,-2.56,1.1084
2005,71,47812,107/507,111,Till,15 to 30,G442,0.17,2.65,0.001,2.65,6.16,-17.28,1.0922
2005,71,47812,107/507,112,Till,15 to 30,G446,0.12,1.86,0.001,1.86,6.11,-16.88,1.0927
2005,71,47812,107/507,113,Till,15 to 30,G450,0.08,1.23,0.001,1.23,6.77,-17.58,1.0919
2005,71,47812,107/507,114,Till,15 to 30,G454,0.13,1.99,0.001,1.99,7.02,-16.72,1.0928
2005,71,47817,138B,115,Plow,15 to 30,G458,0.14,1.82,0.001,1.82,6.54,-17.22,1.0923
2005,71,47817,107/507,116,Plow,15 to 30,G462,0.14,2.08,0.001,2.08,6.54,-17.59,1.0919
2005,71,47817,107/507,117,Plow,15 to 30,G466,0.14,2.17,0.001,2.17,6.59,-17.86,1.0916
2005,71,47817,107/507,118,Plow,15 to 30,G470,0.13,1.85,0.001,1.85,7.03,-17.4,1.0921
2005,71,47822,138B,119,Slot,15 to 30,G474,0.16,2.22,0.001,2.22,6.49,-17.64,1.0918
2005,71,47822,138B,120,Slot,15 to 30,G478,0.11,1.64,0.001,1.64,6.49,-17.39,1.0921
2005,71,47822,138B,121,Slot,15 to 30,G482,0.1,1.44,0.001,1.44,6.83,-18.27,1.0911
2005,71,47822,138B,122,Slot,15 to 30,G486,0.13,1.66,0.001,1.66,7.05,-17.91,1.0915
2005,71,47827,107/507,123,Till,15 to 30,G490,0.27,3.97,0.001,3.97,6.67,-17.88,1.0916
2005,71,47827,107/507,124,Till,15 to 30,G494,0.24,3.54,0.001,3.54,6.67,-14.57,1.0952
2005,71,47827,107/507,125,Till,15 to 30,G498,0.2,2.85,0.001,2.85,6.87,-17.89,1.0916
2005,71,47827,138B,126,Till,15 to 30,G502,0.2,2.87,0.001,2.87,7.47,-3.63,1.1072
2005,71,47826,138B,127,Disk,15 to 30,G506,0.13,1.71,0.001,1.71,6.64,-18.4,1.091
2005,71,47826,107/507,128,Disk,15 to 30,G510,0.12,1.68,0.001,1.68,5.85,-19.11,1.0902
2005,71,47826,107/507,129,Disk,15 to 30,G514,0.13,1.84,0.001,1.84,6.42,-17.38,1.0921
2005,71,47826,107/507,130,Disk,15 to 30,G518,0.2,2.69,0.001,2.69,6.76,-18.17,1.0912
2005,71,47823,138B,131,Chisel,15 to 30,G522,0.14,1.96,0.001,1.96,6.44,-17.85,1.0916
2005,71,47823,138B,132,Chisel,15 to 30,G526,0.13,1.74,0.001,1.74,6.7,-16.68,1.0929
2005,71,47823,138B,133,Chisel,15 to 30,G530,0.11,1.44,0.001,1.44,6.56,-16.96,1.0926
2005,71,47823,138B,134,Chisel,15 to 30,G534,0.13,1.74,0.001,1.74,7.32,-10.64,1.0995
2005,71,47816,107/507,135,Till,15 to 30,G538,0.17,2.42,0.001,2.42,6.38,-17.69,1.0918
2005,71,47816,107/507,136,Till,15 to 30,G542,0.15,2.05,0.001,2.05,6.56,-16.68,1.0929
2005,71,47816,138B,137,Till,15 to 30,G546,0.17,2.1,0.001,2.1,6.7,-18.06,1.0914
2005,71,47816,138B,138,Till,15 to 30,G550,0.12,1.33,0.001,1.33,7.36,-11.38,1.0987
2005,71,47813,107/507,139,Chisel,15 to 30,G554,0.18,2.47,0.001,2.47,5.74,-17.65,1.0918
2005,71,47813,107/507,140,Chisel,15 to 30,G558,0.15,1.81,0.001,1.81,5.73,-16.45,1.0931
2005,71,47813,107/507,141,Chisel,15 to 30,G562,0.14,1.7,0.001,1.7,6.32,-16.4,1.0932
2005,71,47813,107/507,142,Chisel,15 to 30,G566,0.17,2.11,0.001,2.11,6.66,-20.03,1.0892
2005,71,47814,107/507,143,Disk,15 to 30,G570,0.14,1.69,0.001,1.69,6.33,-17.25,1.0923
2005,71,47814,107/507,144,Disk,15 to 30,G574,0.19,2.51,0.001,2.51,6.16,-18.14,1.0913
2005,71,47814,107/507,145,Disk,15 to 30,G578,0.17,2.01,0.001,2.01,6.16,-16.53,1.093
2005,71,47814,138B,146,Disk,15 to 30,G582,0.2,2.59,0.001,2.59,6.8,-17.46,1.092
2005,71,47815,138B,147,Chisel,15 to 30,G586,0.19,2.17,0.001,2.17,6.11,-17.73,1.0917
2005,71,47815,138B,148,Chisel,15 to 30,G590,0.17,1.88,0.001,1.88,6.02,-17.35,1.0921
2005,71,47815,138B,149,Chisel,15 to 30,G594,0.18,1.97,0.001,1.97,5.97,-16.46,1.0931
2005,71,47815,138B,150,Chisel,15 to 30,G598,0.17,2,0.001,2,6.5,-19.18,1.0901
2005,71,47824,138B,151,Till,15 to 30,G602,0.16,1.78,0.001,1.78,5.81,-17.12,1.0924
2005,71,47824,138B,152,Till,15 to 30,G606,0.12,1.26,0.001,1.26,5.89,-16.87,1.0927
2005,71,47824,138B,153,Till,15 to 30,G610,0.12,1.26,0.001,1.26,6.14,-16.39,1.0932
2005,71,47824,107/507,154,Till,15 to 30,G614,0.13,1.4,0.001,1.4,6.53,-17.19,1.0923
2005,71,47825,107/507,155,Plow,15 to 30,G618,0.21,2.64,0.001,2.64,6.17,-17.64,1.0918
2005,71,47825,138B,156,Plow,15 to 30,G622,0.21,2.63,0.001,2.63,6.11,-17.83,1.0916
2005,71,47825,138B,157,Plow,15 to 30,G626,0.18,2.13,0.001,2.13,6.12,-17.93,1.0915
2005,71,47825,138B,158,Plow,15 to 30,G630,0.14,1.44,0.001,1.44,6.81,-18.52,1.0909
2005,71,47810,107/507,79,Slot,30 to 60,G315,0.04,0.72,0.17,0.55,6.58,-18.31,1.0911
2005,71,47810,107/507,80,Slot,30 to 60,G319,0.04,1.16,0.47,0.69,5.34,-17.71,1.0918
2005,71,47810,107/507,81,Slot,30 to 60,G323,0.04,0.61,0.04,0.57,5.51,-17.71,1.0918
2005,71,47810,107/507,82,Slot,30 to 60,G327,0.19,2.98,0.001,2.98,5.79,-18.39,1.091
2005,71,47819,107/507,83,Slot,30 to 60,G331,0.07,0.83,0.001,0.83,5.84,-17.3,1.0922
2005,71,47819,107/507,84,Slot,30 to 60,G335,0.07,0.98,0.01,0.97,4.99,-16.82,1.0927
2005,71,47819,107/507,85,Slot,30 to 60,G339,0.06,0.84,0.02,0.82,5.9,-16.9,1.0926
2005,71,47819,107/507,86,Slot,30 to 60,G343,0.07,0.98,0.02,0.96,7.56,-8.72,1.1016
2005,71,47820,107/507,87,Disk,30 to 60,G347,0.04,0.46,0.05,0.41,6.87,-17.81,1.0916
2005,71,47820,107/507,88,Disk,30 to 60,G351,0.07,1.21,0.001,1.21,6.82,-17.05,1.0925
2005,71,47820,107/507,89,Disk,30 to 60,G355,0.05,0.85,0.04,0.81,6.92,-16.15,1.0935
2005,71,47820,107/507,90,Disk,30 to 60,G359,0.07,0.81,0.14,0.67,7.34,-12.65,1.0973
2005,71,47829,107/507,91,Slot,30 to 60,G363,0.09,1.34,0.03,1.31,6.12,-17.8,1.0917
2005,71,47829,107/507,92,Slot,30 to 60,G367,0.07,0.79,0.04,0.75,5.17,-16.78,1.0928
2005,71,47829,107/507,93,Slot,30 to 60,G371,0.09,1.13,0.04,1.09,5.95,-15.96,1.0937
2005,71,47829,138B,94,Slot,30 to 60,G375,0.07,0.78,0.03,0.75,6.68,-17.84,1.0916
2005,71,47828,138B,95,Chisel,30 to 60,G379,0.1,1.2,0.04,1.16,5.57,-17.55,1.0919
2005,71,47828,107/507,96,Chisel,30 to 60,G383,0.07,0.9,0.08,0.82,5.59,-17.41,1.0921
2005,71,47828,107/507,97,Chisel,30 to 60,G387,0.11,1.41,0.07,1.34,6.2,-18.75,1.0906
2005,71,47828,107/507,98,Chisel,30 to 60,G391,0.15,2.19,0.07,2.12,6.56,-16.93,1.0926
2005,71,47821,107/507,99,Plow,30 to 60,G395,0.06,0.7,0.07,0.63,6.29,-17.69,1.0918
2005,71,47821,138B,100,Plow,30 to 60,G399,0.08,0.9,0.07,0.83,5.9,-17.4,1.0921
2005,71,47821,138B,101,Plow,30 to 60,G403,0.14,1.77,0.001,1.77,6.25,-17.28,1.0922
2005,71,47821,138B,102,Plow,30 to 60,G407,0.08,0.91,0.001,0.91,6.69,-17.09,1.0924
2005,71,47818,107/507,103,Disk,30 to 60,G411,0.07,0.82,0.001,0.82,5.96,-17.29,1.0922
2005,71,47818,107/507,104,Disk,30 to 60,G415,0.1,1.49,0.02,1.47,5.95,-16.73,1.0928
2005,71,47818,107/507,105,Disk,30 to 60,G419,0.08,1.09,0.001,1.09,6.38,-16.54,1.093
2005,71,47818,138B,106,Disk,30 to 60,G423,0.07,0.84,0.001,0.84,6.75,-16.5,1.0931
2005,71,47811,107/507,107,Plow,30 to 60,G427,0.06,0.84,0.001,0.84,6.12,-16.88,1.0927
2005,71,47811,107/507,108,Plow,30 to 60,G431,0.09,1.26,0.001,1.26,5.68,-16.16,1.0935
2005,71,47811,107/507,109,Plow,30 to 60,G435,0.08,1.22,0.001,1.22,6.2,-16.19,1.0934
2005,71,47811,107/507,110,Plow,30 to 60,G439,0.04,0.46,0.001,0.46,6.63,-17.17,1.0923
2005,71,47812,107/507,111,Till,30 to 60,G443,0.08,1.46,0.001,1.46,6.37,-17.46,1.092
2005,71,47812,107/507,112,Till,30 to 60,G447,0.06,0.9,0.001,0.9,5.64,-16.72,1.0928
2005,71,47812,107/507,113,Till,30 to 60,G451,0.05,0.64,0.001,0.64,5.68,-16.82,1.0927
2005,71,47812,107/507,114,Till,30 to 60,G455,0.06,0.87,0.001,0.87,6.5,-17.25,1.0923
2005,71,47817,138B,115,Plow,30 to 60,G459,0.07,0.89,0.001,0.89,6.11,-17.64,1.0918
2005,71,47817,107/507,116,Plow,30 to 60,G463,0.11,1.57,0.001,1.57,5.66,-16.98,1.0926
2005,71,47817,107/507,117,Plow,30 to 60,G467,0.09,1.41,0.001,1.41,6.39,-16.7,1.0929
2005,71,47817,107/507,118,Plow,30 to 60,G471,0.07,0.97,0.001,0.97,7.74,-4.65,1.1061
2005,71,47822,138B,119,Slot,30 to 60,G475,0.11,1.62,0.001,1.62,6.23,-17.82,1.0916
2005,71,47822,138B,120,Slot,30 to 60,G479,0.07,0.97,0.001,0.97,6.18,-16.74,1.0928
2005,71,47822,138B,121,Slot,30 to 60,G483,0.06,0.84,0.001,0.84,7.18,-13.37,1.0965
2005,71,47822,138B,122,Slot,30 to 60,G487,0.06,0.76,0.001,0.76,7.81,-2.99,1.1079
2005,71,47827,107/507,123,Till,30 to 60,G491,0.14,2.14,0.001,2.14,6.12,-17.8,1.0917
2005,71,47827,107/507,124,Till,30 to 60,G495,0.16,2.22,0.001,2.22,5.84,-17.54,1.0919
2005,71,47827,107/507,125,Till,30 to 60,G499,0.1,1.51,0.001,1.51,6.37,-17.09,1.0924
2005,71,47827,138B,126,Till,30 to 60,G503,0.12,1.92,0.001,1.92,6.47,-17.05,1.0925
2005,71,47826,138B,127,Disk,30 to 60,G507,0.08,1.07,0.001,1.07,5.78,-17.72,1.0917
2005,71,47826,107/507,128,Disk,30 to 60,G511,0.11,1.26,0.001,1.26,5.51,-16.96,1.0926
2005,71,47826,107/507,129,Disk,30 to 60,G515,0.06,0.89,0.001,0.89,5.73,-17.08,1.0924
2005,71,47826,107/507,130,Disk,30 to 60,G519,0.09,1.36,0.001,1.36,6.41,-17.96,1.0915
2005,71,47823,138B,131,Chisel,30 to 60,G523,0.11,1.45,0.001,1.45,6.14,-17.77,1.0917
2005,71,47823,138B,132,Chisel,30 to 60,G527,0.08,0.96,0.001,0.96,6.29,-17.43,1.0921
2005,71,47823,138B,133,Chisel,30 to 60,G531,0.06,0.71,0.001,0.71,6.22,-17.26,1.0922
2005,71,47823,138B,134,Chisel,30 to 60,G535,0.07,0.95,0.001,0.95,6.6,-18.21,1.0912
2005,71,47816,107/507,135,Till,30 to 60,G539,0.18,2.65,0.001,2.65,5.57,-17.72,1.0917
2005,71,47816,107/507,136,Till,30 to 60,G543,0.11,1.39,0.001,1.39,5.66,-17.21,1.0923
2005,71,47816,138B,137,Till,30 to 60,G547,0.13,1.61,0.001,1.61,6.03,-17.52,1.092
2005,71,47816,138B,138,Till,30 to 60,G551,0.08,0.73,0.001,0.73,7.67,-9.08,1.1012
2005,71,47813,107/507,139,Chisel,30 to 60,G555,0.14,1.7,0.001,1.7,5.83,-18.17,1.0912
2005,71,47813,107/507,140,Chisel,30 to 60,G559,0.09,0.89,0.001,0.89,5.37,-17.3,1.0922
2005,71,47813,107/507,141,Chisel,30 to 60,G563,0.06,0.54,0.001,0.54,5.84,-17.54,1.0919
2005,71,47813,107/507,142,Chisel,30 to 60,G567,0.07,0.72,0.001,0.72,6.5,-18.5,1.0909
2005,71,47814,107/507,143,Disk,30 to 60,G571,0.08,0.7,0.001,0.7,5.52,-18,1.0914
2005,71,47814,107/507,144,Disk,30 to 60,G575,0.1,1.36,0.001,1.36,4.99,-18.05,1.0914
2005,71,47814,107/507,145,Disk,30 to 60,G579,0.08,0.81,0.001,0.81,5.49,-19.57,1.0897
2005,71,47814,138B,146,Disk,30 to 60,G583,0.14,1.78,0.001,1.78,6.1,-17.86,1.0916
2005,71,47815,138B,147,Chisel,30 to 60,G587,0.14,1.49,0.001,1.49,5.82,-17.85,1.0916
2005,71,47815,138B,148,Chisel,30 to 60,G591,0.13,1.33,0.001,1.33,4.96,-17.89,1.0916
2005,71,47815,138B,149,Chisel,30 to 60,G595,0.1,1.06,0.001,1.06,5.5,-17.4,1.0921
2005,71,47815,138B,150,Chisel,30 to 60,G599,0.12,1.21,0.001,1.21,6.06,-17.17,1.0923
2005,71,47824,138B,151,Till,30 to 60,G603,0.09,0.94,0.001,0.94,5.47,-17.21,1.0923
2005,71,47824,138B,152,Till,30 to 60,G607,0.07,0.6,0.001,0.6,5.29,-16.68,1.0929
2005,71,47824,138B,153,Till,30 to 60,G611,0.08,0.78,0.001,0.78,5.53,-16.14,1.0935
2005,71,47824,107/507,154,Till,30 to 60,G615,0.09,0.9,0.001,0.9,6.09,-16.34,1.0933
2005,71,47825,107/507,155,Plow,30 to 60,G619,0.09,0.97,0.001,0.97,5.64,-17.29,1.0922
2005,71,47825,138B,156,Plow,30 to 60,G623,0.1,1.17,0.001,1.17,5.64,-16.47,1.0931
2005,71,47825,138B,157,Plow,30 to 60,G627,0.11,1.25,0.001,1.25,6.19,-16.5,1.0931
2005,71,47825,138B,158,Plow,30 to 60,G631,0.09,0.83,0.001,0.83,7.77,-3.26,1.1076
2005,71,47810,107/507,79,Slot,60 to 90,G316,0.02,1.51,1.45,0.06,5.62,-16.96,1.0926
2005,71,47810,107/507,80,Slot,60 to 90,G320,0.03,2.18,1.54,0.64,5.29,-16.17,1.0935
2005,71,47810,107/507,81,Slot,60 to 90,G324,0.03,1.24,1.18,0.06,5.88,-16.14,1.0935
2005,71,47810,107/507,82,Slot,60 to 90,G328,0.05,0.93,0.01,0.92,6.32,-17.05,1.0925
2005,71,47819,107/507,83,Slot,60 to 90,G332,0.03,1.31,1.12,0.19,6.39,-17.26,1.0923
2005,71,47819,107/507,84,Slot,60 to 90,G336,0.03,0.9,0.8,0.1,6.11,-16.46,1.0931
2005,71,47819,107/507,85,Slot,60 to 90,G340,0.03,1.75,1.45,0.3,6.31,-16.57,1.093
2005,71,47819,107/507,86,Slot,60 to 90,G344,0.03,0.38,0.14,0.24,7.53,-4.67,1.1061
2005,71,47820,107/507,87,Disk,60 to 90,G348,0.07,1.17,0.01,1.16,6.19,-16.8,1.0927
2005,71,47820,107/507,88,Disk,60 to 90,G352,0.04,0.56,0.03,0.53,6.27,-16.41,1.0932
2005,71,47820,107/507,89,Disk,60 to 90,G356,0.03,0.41,0.06,0.35,6.56,-16.36,1.0932
2005,71,47820,107/507,90,Disk,60 to 90,G360,0.03,1.92,1.75,0.17,7.57,-4.6,1.1062
2005,71,47829,107/507,91,Slot,60 to 90,G364,0.05,0.57,0.11,0.46,6.34,-16.9,1.0926
2005,71,47829,107/507,92,Slot,60 to 90,G368,0.05,1.91,1.39,0.52,6.97,-16.11,1.0935
2005,71,47829,107/507,93,Slot,60 to 90,G372,0.03,0.37,0.13,0.24,7.1,-16.21,1.0934
2005,71,47829,138B,94,Slot,60 to 90,G376,0.05,1.09,0.6,0.49,7.74,-3.98,1.1068
2005,71,47828,138B,95,Chisel,60 to 90,G380,0.05,0.97,0.51,0.46,5.98,-16.78,1.0928
2005,71,47828,107/507,96,Chisel,60 to 90,G384,0.04,2.11,1.97,0.14,6.01,-16.59,1.093
2005,71,47828,107/507,97,Chisel,60 to 90,G388,0.04,0.53,0.14,0.39,6.43,-16.54,1.093
2005,71,47828,107/507,98,Chisel,60 to 90,G392,0.05,0.67,0.07,0.6,7.68,-4.63,1.1061
2005,71,47821,107/507,99,Plow,60 to 90,G396,0.03,1.73,1.75,-0.02,5.73,-16.81,1.0927
2005,71,47821,138B,100,Plow,60 to 90,G400,0.04,1.24,1.04,0.2,5.55,-16.19,1.0934
2005,71,47821,138B,101,Plow,60 to 90,G404,0.08,0.88,0.001,0.88,6.32,-16.07,1.0936
2005,71,47821,138B,102,Plow,60 to 90,G408,0.04,0.39,0.001,0.39,6.75,-16.67,1.0929
2005,71,47818,107/507,103,Disk,60 to 90,G412,0.04,0.86,0.62,0.24,5.69,-16.77,1.0928
2005,71,47818,107/507,104,Disk,60 to 90,G416,0.06,0.71,0.001,0.71,5.51,-16.2,1.0934
2005,71,47818,107/507,105,Disk,60 to 90,G420,0.04,0.51,0.001,0.51,6.32,-16.21,1.0934
2005,71,47818,138B,106,Disk,60 to 90,G424,0.02,1.81,1.9,-0.09,7.81,-3.34,1.1075
2005,71,47811,107/507,107,Plow,60 to 90,G428,0.04,0.42,0.001,0.42,6.08,-17.05,1.0925
2005,71,47811,107/507,108,Plow,60 to 90,G432,0.04,0.56,0.001,0.56,5.36,-16,1.0936
2005,71,47811,107/507,109,Plow,60 to 90,G436,0.04,0.5,0.001,0.5,6.44,-15.94,1.0937
2005,71,47811,107/507,110,Plow,60 to 90,G440,0.02,0.93,0.8,0.13,6.17,-16.6,1.093
2005,71,47812,107/507,111,Till,60 to 90,G444,0.05,0.58,0.001,0.58,5.68,-17.1,1.0924
2005,71,47812,107/507,112,Till,60 to 90,G448,0.03,0.54,0.001,0.54,5.52,-16.98,1.0926
2005,71,47812,107/507,113,Till,60 to 90,G452,0.03,0.59,0.001,0.59,5.71,-16.92,1.0926
2005,71,47812,107/507,114,Till,60 to 90,G456,0.04,0.45,0.001,0.45,6.4,-17.61,1.0919
2005,71,47817,138B,115,Plow,60 to 90,G460,0.03,0.32,0.001,0.32,5.62,-17.15,1.0924
2005,71,47817,107/507,116,Plow,60 to 90,G464,0.04,0.56,0.001,0.56,5.67,-16.85,1.0927
2005,71,47817,107/507,117,Plow,60 to 90,G468,0.04,0.62,0.001,0.62,6.03,-16.64,1.0929
2005,71,47817,107/507,118,Plow,60 to 90,G472,0.03,0.29,0.001,0.29,6.77,-15.62,1.0941
2005,71,47822,138B,119,Slot,60 to 90,G476,0.05,0.64,0.001,0.64,5.89,-17.4,1.0921
2005,71,47822,138B,120,Slot,60 to 90,G480,0.05,0.86,0.001,0.86,5.38,-17.1,1.0924
2005,71,47822,138B,121,Slot,60 to 90,G484,0.02,0.39,0.001,0.39,5.84,-16.82,1.0927
2005,71,47822,138B,122,Slot,60 to 90,G488,0.02,0.2,0.001,0.2,6.46,-17.41,1.0921
2005,71,47827,107/507,123,Till,60 to 90,G492,0.04,0.59,0.001,0.59,5.72,-17.37,1.0921
2005,71,47827,107/507,124,Till,60 to 90,G496,0.04,0.62,0.001,0.62,5.39,-16.78,1.0928
2005,71,47827,107/507,125,Till,60 to 90,G500,0.03,0.45,0.001,0.45,5.69,-16.79,1.0928
2005,71,47827,138B,126,Till,60 to 90,G504,0.06,0.75,0.001,0.75,6.29,-17.55,1.0919
2005,71,47826,138B,127,Disk,60 to 90,G508,0.03,0.34,0.001,0.34,6.38,-17.24,1.0923
2005,71,47826,107/507,128,Disk,60 to 90,G512,0.03,1.73,1.68,0.05,5.98,-16.67,1.0929
2005,71,47826,107/507,129,Disk,60 to 90,G516,0.02,1.68,1.76,-0.08,5.92,-16.61,1.093
2005,71,47826,107/507,130,Disk,60 to 90,G520,0.03,0.45,0.001,0.45,7.1,-11.6,1.0985
2005,71,47823,138B,131,Chisel,60 to 90,G524,0.04,0.4,0.001,0.4,6.86,-17.37,1.0921
2005,71,47823,138B,132,Chisel,60 to 90,G528,0.03,0.32,0.001,0.32,5.6,-16.94,1.0926
2005,71,47823,138B,133,Chisel,60 to 90,G532,0.02,0.55,0.35,0.2,5.96,-17.04,1.0925
2005,71,47823,138B,134,Chisel,60 to 90,G536,0.02,0.28,0.001,0.28,7.11,-9.83,1.1004
2005,71,47816,107/507,135,Till,60 to 90,G540,0.07,0.88,0.001,0.88,7.02,-17.65,1.0918
2005,71,47816,107/507,136,Till,60 to 90,G544,0.04,0.4,0.001,0.4,7.01,-16.95,1.0926
2005,71,47816,138B,137,Till,60 to 90,G548,0.06,0.65,0.001,0.65,7.21,-15.05,1.0947
2005,71,47816,138B,138,Till,60 to 90,G552,0.05,1.68,1.77,-0.09,7.91,-3.46,1.1074
2005,71,47813,107/507,139,Chisel,60 to 90,G556,0.07,0.73,0.001,0.73,7.07,-17.71,1.0918
2005,71,47813,107/507,140,Chisel,60 to 90,G560,0.04,0.68,0.58,0.1,5.81,-17.21,1.0923
2005,71,47813,107/507,141,Chisel,60 to 90,G564,0.04,0.66,0.51,0.15,6.39,-17.28,1.0922
2005,71,47813,107/507,142,Chisel,60 to 90,G568,0.04,0.91,0.81,0.1,7.52,-7.6,1.1029
2005,71,47814,107/507,143,Disk,60 to 90,G572,0.04,0.86,0.68,0.18,6.56,-17.25,1.0923
2005,71,47814,107/507,144,Disk,60 to 90,G576,0.07,0.58,0.001,0.58,6.51,-17.1,1.0924
2005,71,47814,107/507,145,Disk,60 to 90,G580,0.04,1.48,1.2,0.28,6.74,-16.73,1.0928
2005,71,47814,138B,146,Disk,60 to 90,G584,0.07,0.64,0.001,0.64,7.69,-7.79,1.1027
2005,71,47815,138B,147,Chisel,60 to 90,G588,0.07,0.55,0.001,0.55,6.04,-17.02,1.0925
2005,71,47815,138B,148,Chisel,60 to 90,G592,0.07,0.56,0.001,0.56,6.05,-16.96,1.0926
2005,71,47815,138B,149,Chisel,60 to 90,G596,0.05,0.32,0.001,0.32,6.37,-16.75,1.0928
2005,71,47815,138B,150,Chisel,60 to 90,G600,0.06,0.46,0.001,0.46,6.77,-17.2,1.0923
2005,71,47824,138B,151,Till,60 to 90,G604,0.06,0.55,0.21,0.34,5.77,-17.11,1.0924
2005,71,47824,138B,152,Till,60 to 90,G608,0.04,0.46,0.001,0.46,5.77,-18.2,1.0912
2005,71,47824,138B,153,Till,60 to 90,G612,0.05,2.3,2.32,-0.02,5.9,-16.44,1.0931
2005,71,47824,107/507,154,Till,60 to 90,G616,0.05,0.73,0.54,0.19,6.61,-16.85,1.0927
2005,71,47825,107/507,155,Plow,60 to 90,G620,0.06,0.9,0.68,0.22,6.3,-17.32,1.0922
2005,71,47825,138B,156,Plow,60 to 90,G624,0.07,0.55,0.001,0.55,6.19,-17.31,1.0922
2005,71,47825,138B,157,Plow,60 to 90,G628,0.06,0.44,0.001,0.44,5.94,-16.82,1.0927
2005,71,47825,138B,158,Plow,60 to 90,G632,0.04,0.51,0.28,0.23,7.39,-8.86,1.1015
