time,10m_wind_speed,2m_temperature,precipitation_type,surface_net_solar_radiation,snow_depth,surface_pressure,total_precipitation,volumetric_soil_water_layer_1
1994-01-01,3.9292210297369667,283.69276921729795,0.5053678376972289,6460641.551020095,6.516111488456084e-06,99917.44321658554,0.002319622744014792,0.2428941612565046
1994-02-01,3.6592318973160274,282.65056017072266,0.6130312715778692,8318274.747180809,0.0005595806565880628,99858.32535230342,0.006052369861383961,0.2507033348083496
1994-03-01,2.666338175442884,285.73479123456286,0.34277028203467147,16207729.754398547,0.0,100367.81888991043,6.87914716026132e-05,0.19175720496072385
1994-04-01,3.4872592448380564,287.32347568448336,0.31115846527822816,17061967.515892755,2.9514152035949818e-06,99480.63557768606,0.0012545482558245316,0.17257842757923691
1994-05-01,2.9189902888681307,291.6949450838759,0.24731920308756658,21217392.159110676,0.0,99803.49941727832,0.0010611428306150218,0.15926827867582677
1994-06-01,2.7637503148544122,295.60172678537197,0.10974766902386013,23248989.635069355,0.0,100002.62416740421,0.00032774856178753586,0.10608573355584588
1994-07-01,2.75951993113433,299.3005340358698,0.06457770441037342,22225240.06163307,0.0,99728.80600327317,0.0008442060384912615,0.11021561153335259
1994-08-01,2.4108154444932963,300.4255322700013,0.016114842218090508,20899040.707414582,0.0,99776.95175808373,0.0001345672448343528,0.09495662462850855
1994-09-01,2.256179811011018,296.98410592114016,0.07922394016301904,16827258.85320373,0.0,99966.10815638686,4.4027509278568404e-05,0.08357043494353526
1994-10-01,3.035590240152887,291.7667179682493,0.29430741984238856,10930283.211496497,0.0,100049.38542890605,0.003584153580335369,0.1364184986476672
1994-11-01,3.146486727672176,287.7310789022503,0.3625419844534433,7907693.604184151,0.0,100369.20338321915,0.000849360528386764,0.20370178510851933
1994-12-01,2.882201059016704,284.0459585738888,0.3682830797973445,6627291.06219767,0.0,100521.73993350679,0.0013480013987125566,0.19945304183447127
1995-01-01,4.315281315477652,282.24963350033926,0.4179628823991825,6755458.52976363,0.0004454720454049227,99975.55732321885,0.0017050058510401913,0.2209980679098978
1995-02-01,3.1362884812041214,284.6268181962594,0.3541236202085209,10318386.914729983,0.0,100218.36283723469,0.00033805754157854124,0.18605167072673867
1995-03-01,4.0434413901791775,283.61198299395676,0.3776893133159057,13690177.215311369,0.00016052632302149521,99745.17763664872,0.002585191027761337,0.20653796637018057
1995-04-01,3.145655759441446,285.80456115472117,0.2861324436793772,18392937.371385407,2.947582196836918e-05,99907.05951677018,0.0010178899371440656,0.18446219292415075
1995-05-01,2.9681684996140825,290.63070343093483,0.1909247528141833,20907309.576289807,0.0,99867.80913146812,0.000773723991876672,0.14602170888452012
1995-06-01,2.5521178150006736,295.2872614036058,0.10278963327040386,23604232.96328567,0.0,99744.55461465979,0.0002718335518341495,0.09050332247204049
1995-07-01,2.5122691112088313,299.33758887384863,0.07531541390644791,22803424.816062137,0.0,99702.7429167366,0.00036102863785197675,0.09931041165298851
1995-08-01,2.3720243366314744,297.52457243184017,0.2124001718063323,18663901.843758106,0.0,99680.17567580457,0.0019175725321655909,0.16260203559742856
1995-09-01,2.8603692573184247,294.32917685406346,0.2556087148185361,15162989.975355927,0.0,99820.56329730824,0.001092630040628853,0.1627513082954107
1995-10-01,2.217577559565271,291.2996934787686,0.1531996001179749,13030257.872384904,0.0,100611.2474259152,0.00016818348328328245,0.10588117467342588
1995-11-01,4.079097481534153,285.3822695327104,0.4694895710343453,7560401.111424778,9.505856759630185e-06,100058.69614640716,0.003045733494511676,0.19367839986993882
1995-12-01,3.4247855424004188,285.73545888930124,0.659904952764733,4790330.038225016,0.0,99957.55891020555,0.003483977189757558,0.23111820397124455
1996-01-01,3.805444534641357,283.74518011425897,0.6088936741853819,5923801.140967146,0.0,99918.37774956893,0.0032910199810607006,0.23461505513693798
1996-02-01,3.5442561112095166,281.63338817683575,0.36352985372708213,8619134.36087162,0.0005277283704297862,99536.98445535074,0.003463583338431874,0.24708485403689293
1996-03-01,2.885978187338206,283.129936272863,0.46911733043848136,11766393.06814887,0.0001821061510685585,99696.1319611875,0.0027632450374125025,0.24305725550059623
1996-04-01,2.95105810831768,286.7215849378545,0.2805202008494289,17817932.95113912,8.815915543206043e-07,99854.76028203349,0.0012006502201780808,0.20907560223587746
1996-05-01,2.8445053183681175,291.6762507512019,0.21509175765334831,20872325.900279246,0.0,99695.75122552761,0.0007370822919673383,0.15754334972136613
1996-06-01,2.7248458931429447,296.20528666884667,0.10144384034689585,23629357.60332962,0.0,100092.20088447805,0.0002140136217019901,0.09108382740863781
1996-07-01,2.7764036947314428,297.95153763701944,0.026852551714165007,23366980.03325042,0.0,99920.10836620482,0.00034410846449934836,0.09460279304810637
1996-08-01,2.5245825495369267,298.82916979058973,0.12499521650828588,20075334.154075045,0.0,99774.25199613173,0.00023205433633624898,0.08848261243083741
1996-09-01,3.56310398153381,293.34972735289375,0.3000485151862897,14035561.507561075,0.0,99592.95259735554,0.0017558784252262385,0.14565682006723038
1996-10-01,3.7198170355929143,289.982076852621,0.4476275945003376,10104668.457647292,0.0,100073.89096047031,0.004606983662208141,0.21344044649724497
1996-11-01,3.3381004474219558,287.7811530076271,0.5361349546399811,7377531.895915034,0.0,100007.2622199884,0.001206701143098888,0.18411941858063616
1996-12-01,3.409677029114412,284.0589778412868,0.58605814532373,5207589.883005507,5.327879393502311e-06,99659.68517483558,0.00228522212666872,0.2332854224012079
1997-01-01,2.6618433927402974,283.5642456801642,0.6196313836814563,6583084.417057054,0.0,100452.51526807106,0.0026346068982812643,0.23483343556546743
1997-02-01,3.2968919774343726,283.0287865800019,0.2574412839058661,10891801.167884883,0.0,100743.88188489006,0.00044058706884777697,0.19852976255435933
1997-03-01,3.782706222145917,284.5860912572196,0.1840812526286852,15386567.46840523,0.0,100281.87646777197,0.0010594620186925754,0.16176444990319527
1997-04-01,3.717248588334293,284.3707726040995,0.2680644578339825,17765775.47054156,5.021238852869142e-06,99878.19283128348,0.0012756144319191944,0.1747981678844162
1997-05-01,2.877177478349107,292.0184238046099,0.07263814500542665,23511049.171730272,0.0,99983.48354741123,0.00014454006224086857,0.11988792950075282
1997-06-01,2.6629009886703177,296.0403759484725,0.16943501687603957,23530449.21024522,0.0,99615.76212461661,0.000510508844821551,0.11466891368982066
1997-07-01,2.7666964749451832,298.40220458541046,0.025506758790657003,23599462.462011505,0.0,99842.5767409168,7.08084459095492e-05,0.08143362391501272
1997-08-01,2.712003656849839,297.744898495498,0.12634100943179388,19790694.244716402,0.0,99930.49206602018,0.0006530416958450136,0.1025059531134957
1997-09-01,2.611834213763615,295.63711248650486,0.18615720979792622,15725273.058871102,0.0,100205.00247680559,0.002680773199084461,0.12283744744051162
1997-10-01,3.2882801248613487,290.68812173843355,0.43006070176475975,10537829.973341674,0.0,99867.25533414463,0.006946561804125494,0.1910080771615911
1997-11-01,3.4065042413243507,287.7110492600996,0.7069074864655498,5905673.236125311,0.0,99652.00123697222,0.004190366413697737,0.24665638610749968
1997-12-01,3.531489417482841,284.29699675551103,0.3763435203923977,5786092.670852851,0.0,99838.42326099065,0.0010618151553840006,0.2381008490657438
1998-01-01,2.6853749021832525,283.2711452500255,0.48656968760610114,6847688.221064196,1.9510004397789134e-05,100265.19332340195,0.0016816985923822666,0.2271016626718354
1998-02-01,3.117176211897323,284.375446187268,0.3437438343623156,10468816.721575389,0.0,100682.23732031955,0.00198189160173121,0.23033590446144908
1998-03-01,4.4820793021551655,283.3946613766215,0.2097229029053111,14574628.15154197,4.641771183835496e-05,100260.86678181222,0.0018690530946709688,0.21186202593154463
1998-04-01,3.0067707510598294,287.65463243470845,0.29028435801785935,18106071.22809882,0.0,99645.49411842127,0.0007980397376880642,0.1769239216760512
1998-05-01,2.858594007007319,291.16282425740536,0.33203257253859697,19541674.078204874,0.0,99724.68713567973,0.0017009719024263198,0.18841515511145637
1998-06-01,2.5286618481241483,296.4446408925477,0.051391797149193896,24722438.461950466,0.0,100038.37870710177,9.445186695196308e-05,0.11634961369673102
1998-07-01,2.6828819974910614,299.62902016714145,0.04162763998076352,24456880.55768849,0.0,99636.49491191462,0.00013434313657802654,0.0900112754305437
1998-08-01,2.432496161058716,300.22022843795656,0.06457770441037342,20281419.809119068,0.0,99765.39123895596,0.0004177280267025048,0.08564919547839807
1998-09-01,3.350829369865416,295.4247982797073,0.2236389744122236,15746581.297895717,0.0,99727.38689763173,0.00037985373138337735,0.09754125375097761
1998-10-01,3.044466491708416,291.9105975643652,0.3991647323080547,10851728.957181878,0.0,100075.37929077717,0.0017475864197421692,0.1601196859161695
1998-11-01,3.448241509276944,285.7998875715527,0.4013695419912487,6893803.066714479,9.900656455695371e-05,99836.48497035845,0.005344411879649498,0.19860716321257232
1998-12-01,3.6801194169339317,282.4933274798396,0.3696288727208525,5666512.105580393,1.1882320949537731e-06,100425.93299654374,0.001661865011697398,0.2352867822778577
1999-01-01,3.458666383444289,282.7637276488742,0.3723204585678685,6976491.755466711,9.053561962196082e-05,100105.49202024171,0.0018464181607820227,0.22851698899344414
1999-02-01,3.808050753183193,281.7024904422557,0.2886951770124403,10183540.74538019,0.00038740199302250504,99800.38430733372,0.0005999280390957045,0.21713079930847085
1999-03-01,3.3754940178048223,284.68991156903417,0.31323442244746924,14430877.046480399,8.585935137730462e-06,99767.05263092641,0.0011244534130271729,0.19053814459386945
1999-04-01,2.9252980931650385,287.22733340215996,0.39025959189931025,17198721.885752216,0.0,99893.87221800468,0.0012149931485829573,0.18401437483020425
1999-05-01,2.3206553914590513,292.3068506515801,0.3253179248670517,20469059.52590298,0.0,100009.68508327866,0.0002533446206872381,0.1348262565358574
1999-06-01,2.6897185997529793,296.4997224084621,0.07641781874804487,23289061.84577236,0.0,99913.25512432668,0.0003964377423515161,0.0992800042515477
1999-07-01,2.54380813269337,298.0914113047052,0.14379336659941366,22318741.886606745,0.0,99658.9237035158,0.0018367815057599962,0.13388915570963597
1999-08-01,2.2380495950678103,299.300867863239,0.07129235208191864,21114031.298170388,0.0,99707.93476664429,0.00023003736202931342,0.1316970584966756
1999-09-01,2.4970472840731794,295.7399313162118,0.30687769842579316,15466075.822974684,0.0,99816.75594070926,0.0013923748334651437,0.14647781990613232
1999-10-01,2.632532876965444,292.49379397832007,0.29296162691888056,11974386.92370256,0.0,100214.86699163017,0.0006350009812107547,0.126873338904474
1999-11-01,3.0202550991675903,287.3491803919101,0.4194375278366434,7272898.901301634,0.0,100202.75267517893,0.0023233205302441743,0.2024219099387833
1999-12-01,4.06266697333562,284.73764888282665,0.4206544682461985,5857650.18996536,2.8057609467940477e-05,99926.8577710848,0.0009171532759254392,0.20070527391198836
2000-01-01,3.673849383920239,281.4788261049061,0.31591169134849045,7762670.365449468,3.1430655414905768e-06,100548.70294069401,0.0006350009812107547,0.1918124911451617
2000-02-01,3.786974377149214,282.7193286087734,0.29028435801785935,10274498.303007644,1.4182125004286823e-05,100556.80222654999,0.0016456171631137485,0.19544202915350592
2000-03-01,3.171453545877302,284.6344962257505,0.24731920308756658,15160127.674591426,0.0,100333.69112985062,0.0005239553402011233,0.1611673591112666
2000-04-01,3.2531528314713833,288.5579692957055,0.3305722440471308,18646410.005752824,0.0,99465.68304995194,0.0014018994343590074,0.1449602141433136
2000-05-01,2.2379362812181647,293.14475734821815,0.23925876249251332,21647373.340622284,0.0,100005.94695134513,0.000726773312176333,0.12370544053618572
2000-06-01,2.9274888275915094,297.1490166415143,0.07080557591809661,24190686.586589962,0.0,100109.81856183145,0.0002564821362758046,0.0831060309942574
2000-07-01,2.969150552977673,298.86755993804525,0.033567199385710234,23353940.663101032,0.0,99673.94545591535,8.16776963413696e-05,0.07979438854643074
2000-08-01,2.427548122957549,299.91778084148086,0.022829489889635735,21724337.42784551,0.0,99960.88169414646,5.478470558222589e-05,0.08091393378129702
2000-09-01,3.322312051038079,295.4194570418005,0.19030912413640838,15266350.836296216,0.0,99864.55557219264,0.004085595803865239,0.16000358492885003
2000-10-01,2.5884915607367347,291.7847446461849,0.58605814532373,10230927.724703584,0.0,100123.38659625685,0.003548296259323177,0.2213823068917408
2000-11-01,3.032304138513181,288.7405728666461,0.4028298704827148,8115051.392901286,0.0,100002.86645373324,0.000931608258458479,0.19609164182065056
2000-12-01,2.822295803837688,285.39662410958505,0.4193086753226905,5999175.061098987,0.0,100067.31461725391,0.001957239693535328,0.21105761194797404
2001-01-01,3.239592940797192,284.35575037248645,0.5496787855510297,6321342.913814412,0.0,100034.19061484291,0.003862496034692508,0.24518024498300933
2001-02-01,3.5775703830051615,283.27381586897894,0.3482679892966616,10595075.98863168,3.7793446633045376e-05,100069.94515454047,0.0010717879727905164,0.22858609672399144
2001-03-01,2.985732146309065,287.29409887599564,0.3468076608051955,14429922.946225565,0.0,99613.92767098256,0.0010549798535660513,0.1864967245114633
2001-04-01,3.1745885623841485,286.630783893438,0.21668093865876736,18451455.520348527,1.8283442235256242e-05,99597.00224028353,0.0009994010059971542,0.20014135483072237
2001-05-01,2.6352901806401405,292.19802292922793,0.3037136533609498,20832253.689576242,0.0,99798.44601670152,0.0006302947078279044,0.1381517205297935
2001-06-01,3.093266989622218,295.80970123637013,0.08191552601003504,24418716.547495157,0.0,99858.01384130896,0.0001109238237919385,0.09100919105964674
2001-07-01,2.786224228367347,299.08254476379625,0.020137904042619725,23311960.25188836,0.0,99774.0097098027,2.7779660694918825e-05,0.08354002754209446
2001-08-01,2.596536844061533,299.79626767909986,0.03088993048468902,21046926.24691377,0.0,99822.8130989349,7.215309544750638e-05,0.0824785328008879
2001-09-01,2.9823327308197136,294.86663891844086,0.14586932376865475,15939309.549372071,0.0,99768.67941056415,0.00032774856178753586,0.08711427936600086
2001-10-01,2.22668043882009,293.398799976163,0.29163015094136735,12252666.164695648,0.0,100462.8643555537,0.00015798655762044042,0.08677703364093002
2001-11-01,4.145046142027572,287.0203604332693,0.333378365462105,7684752.177971403,2.0698236492743775e-06,100061.98431801535,0.0010913974452190587,0.12393211389238087
2001-12-01,4.457830138331125,281.24013953594346,0.41393982057465323,5724712.221125234,0.00028065275481456236,100080.50191601942,0.0024828856087484273,0.191113120912023
2002-01-01,3.1612552994092478,281.3089079739942,0.3468076608051955,7528279.7361787185,7.252048785975863e-05,100938.68009342621,0.0006110213977838512,0.19376685776503935
2002-02-01,3.1322847251833297,284.934607030642,0.4761899017598958,9777730.103657698,0.0,100256.43640322433,0.0008702025962251006,0.19174614772383627
2002-03-01,3.619307650957755,285.9754807677406,0.3790351062394137,13966548.25579479,4.714598312235974e-06,99943.61014012025,0.0013376924189215512,0.17629642348268168
2002-04-01,2.9776868629842665,287.4339725436815,0.4013695419912487,17273459.7390475,0.0,99661.06966814431,0.0029027524269755614,0.20304387951370903
2002-05-01,2.9300195035669154,291.7096334881198,0.33874722021014225,20792817.545709796,0.0,99834.37361806266,0.0014398857838062982,0.16960955947492487
2002-06-01,2.5968390143272533,297.0338461991477,0.08752776883998331,23453167.08960371,0.0,99924.67719412358,0.0002721697142186387,0.10144998699073295
2002-07-01,2.9982722123364507,299.06985932376745,0.21643755057685632,21293720.179497354,0.0,99604.23621782157,0.0019706861889149004,0.10366143436824657
2002-08-01,2.5431660208787146,298.27501635775343,0.1384245118513764,19162260.21019944,0.0,99660.68893248441,0.0007429091066318196,0.1286452611157068
2002-09-01,2.629964429706823,294.07947398191794,0.33605563436312624,14574946.184960248,0.0,99788.30460321518,0.0016609685786720934,0.17682440654406306
2002-10-01,2.7879617073952376,291.04999060662306,0.3696288727208525,11235913.326461477,0.0,100029.62178692415,0.0012845787621722422,0.18099574915989816
2002-11-01,3.5684675037503424,288.3089340782983,0.5500510261468936,7111019.891398226,0.0,99851.57594742344,0.0019197015606006898,0.1609185712812963
2002-12-01,2.8266017301242,284.6812320574355,0.7003216913079575,4647215.0,0.0,99852.30280641052,0.0057175521264326195,0.25054853349192363
2003-01-01,3.9967938554086313,283.7301578826459,0.3991647323080547,6418025.072970869,8.279294597097293e-06,99652.62425896114,0.003720747562566187,0.24451681076975523
2003-02-01,4.100627112966713,279.896484375,0.382442539386168,9477824.59022172,0.00020958880952281177,100105.11128458183,0.0019802107898087636,0.23929503064960117
2003-03-01,3.5329247262450116,283.85233869976526,0.24195034833952933,15176983.445760151,1.621361858598208e-05,100410.04593582623,0.0006212183234466937,0.19729964495061736
2003-04-01,3.3256359239610003,286.32800246959306,0.36938548463894144,18049461.27964537,4.6187731432880026e-05,99891.7954780416,0.0017978987232874007,0.19624367882785462
2003-05-01,2.525224661351582,293.04694592904883,0.14513915952292167,21851232.76173836,0.0,99999.43983279417,0.0005746038061308443,0.13070743579523825
2003-06-01,2.2667557703112227,298.7133316934848,0.07361169733307071,23788056.27905025,0.0,99855.62559035144,0.00024348385740888528,0.10099664027834265
2003-07-01,2.5286618481241483,300.34708283824443,0.01879211111911172,23825902.25582531,0.0,99777.81706640167,0.0001133890146115266,0.08086141190608107
2003-08-01,2.4882465750840805,300.24092573484563,0.11023444518768216,19897553.473257747,0.0,99867.80913146812,0.0022688622239569077,0.13521878844536606
2003-09-01,2.9551374069049015,294.8329223541539,0.22912236472821898,15545902.210962415,0.0,100152.49556807258,0.001004779604148983,0.1244766828090936
2003-10-01,3.259876119883656,291.48129556760165,0.3924500846365095,10103078.290555902,0.0,99807.61828487176,0.0036729004498405435,0.173626100774334
2003-11-01,3.125523665487842,288.1563749705837,0.5194127617180944,7505381.330062715,0.0,100305.30901702197,0.000935193990559698,0.19244551795697495
2003-12-01,3.954527789491028,283.67374105725474,0.5295348425363939,5054297.775395602,0.00018110956931150055,100085.79760292525,0.004871319350544892,0.23498823688189338
2004-01-01,4.199814502689346,281.92682243434365,0.3991647323080547,7213108.618665405,0.00011533517334567315,99496.38418907269,0.001453444333314033,0.23061786400208206
2004-02-01,3.63131891902013,283.1145802138808,0.34192558222098024,10173363.6759953,2.0698236492743775e-06,100299.42492045993,0.0006131504262189501,0.210546214741924
2004-03-01,3.31351134204898,284.1441038204273,0.3749977274688897,13222668.090442982,6.82275202908934e-05,100342.13653903377,0.0018213180360734885,0.21358419057678335
2004-04-01,3.148753004665077,287.46234787006165,0.4902348257807612,15852486.42618223,0.0,99629.5032207056,0.002137534785749755,0.21043564237304832
2004-05-01,3.2241067146790354,289.88626839766675,0.31323442244746924,20472875.926922314,0.0,99739.95117440831,0.001284242599787753,0.1860793138189576
2004-06-01,2.3336864841682323,295.6955322761111,0.20422519564332092,22233190.897090014,0.0,99875.38923233334,0.0011864193459013672,0.15909136288562567
2004-07-01,2.595252620432223,299.14563813657094,0.06323191148686541,23294150.380464803,0.0,99798.44601670152,0.000957716870320481,0.10115973452243429
2004-08-01,2.648396815915751,298.4162253349159,0.08874470924953842,21314074.318267133,0.0,99770.51386419819,0.0002160305960089261,0.1041037238437493
2004-09-01,2.5589921885458065,295.20914579921805,0.24169264331162355,15634315.501243647,0.0,100088.32430321365,0.0008467832834390125,0.09675066131351649
2004-10-01,2.301694207285113,293.4308474036041,0.42602332299423573,11600379.623807851,0.0,100060.39215071034,0.001319427596030966,0.15421235710898623
2004-11-01,3.424823313683634,286.8671336708164,0.45275306116646385,6709661.717531624,0.0,100006.43152400319,0.004255021645647845,0.2108005311903381
2004-12-01,3.493189336302814,285.19566003333955,0.5927727929952753,5275649.03451696,0.0,100132.17812876719,0.004810698067208656,0.2349771796450058
2005-01-01,3.4899410059463225,281.7195156380838,0.3709746656443605,6961862.218225931,0.0005499598096256953,100164.43682286024,0.0018989715468905163,0.23688455300811131
2005-02-01,3.719326008911119,280.69566709681334,0.485109359114635,9297181.608639922,0.0004756761386572957,99657.05463754902,0.002291160995461365,0.24262602326198107
2005-03-01,2.974438532627775,284.11172256561696,0.3857354369649642,14634736.467596477,9.820163313779156e-05,100000.82432610288,0.0009606302776527216,0.21344597511568875
2005-04-01,3.227846071717322,286.9008502351034,0.31531037961671027,18696341.252422445,1.5332027031662778e-06,99910.3823007111,0.0008959750457026134,0.18979730972240239
2005-05-01,2.9918510941898977,292.2828150809992,0.19225622879169657,21356690.79631636,0.0,99888.99187909145,0.0007315916396873462,0.11895359298375331
2005-06-01,2.5946482799007824,295.70554709718647,0.17504725970598783,22467263.492942486,0.0,99975.0727505608,0.0004179521349588311,0.10274921232502221
2005-07-01,2.9188769750184855,298.9523520898166,0.09143629509655443,23034953.144568384,0.0,99691.11317294341,0.00032797267004386213,0.0859864412034689
2005-08-01,2.7919654634160294,297.2518354712213,0.12231794760726467,19294244.078784734,0.0,99738.63590576504,0.0006411639582597252,0.10610231941117723
2005-09-01,2.445489482484682,295.1927882581283,0.33753027980058714,14908245.207315398,0.0,100028.20268128272,0.0020728795537996465,0.15794970317698426
2005-10-01,2.630039972273253,290.6911261847561,0.47448618518651864,10714020.487067584,0.0,100451.19999942777,0.0024144205364407738,0.20896226555777986
2005-11-01,2.8829564846810047,286.44784649512815,0.6027803382456167,7273534.968138189,4.802757467667947e-05,100111.75685246364,0.002253622862526726,0.211135012606187
2005-12-01,3.737154054588607,283.08854167908487,0.4112482347276372,5741567.992293958,4.051488143116543e-05,99958.11270752904,0.004489662990021376,0.23919551551761306
2006-01-01,3.5373817376643837,281.20108173374956,0.5053678376972289,6375408.594921641,0.00020268939735856406,100437.87425133139,0.00169917903637571,0.23483067125624554
2006-02-01,3.865198704687513,282.24195547084815,0.4434756801618555,9117492.727312956,7.654514495556981e-05,99646.80938706454,0.004558240116457193,0.23170976614472943
2006-03-01,3.7682775919577804,283.7571978995494,0.358891163224778,13005769.299177513,3.4458730753659204e-05,99516.42472971634,0.001502972257962123,0.23707529034442187
2006-04-01,2.7378392145689108,287.702369748501,0.3249456842711878,17821113.2853219,3.0664054063338567e-07,99701.25458642974,0.0015696444642191673,0.19440264888607453
2006-05-01,2.5305881835681143,292.11923967010176,0.1639373096140494,22867349.533135977,5.749510136874355e-07,100030.00252258405,0.0005768448886941061,0.15877623163432997
2006-06-01,2.4821653984864627,295.4812151050985,0.07495749025657872,23177114.082538567,0.0,100102.68842129158,0.0011398048285855178,0.13546757627533634
2006-07-01,2.6529293699015533,298.6595854870471,0.09680514984459165,22311427.11798636,0.0,99948.87121469337,0.0010498253636705489,0.12621819761888559
2006-08-01,2.771871140745641,297.72019527017875,0.06994655915841064,20339937.958082188,0.0,99513.75958009706,0.000751201112115889,0.12496596554136849
2006-09-01,2.9529089011952157,295.5690117031925,0.25414838632706993,15448583.984969404,0.0,99916.50868360217,0.0015838753384958808,0.10430828272616932
2006-10-01,2.9778001768339117,292.10388361111956,0.3991647323080547,11450267.850380722,0.0,100087.6320565593,0.0008734521659418304,0.14402864193553597
2006-11-01,2.7672630441934087,286.25222365678957,0.38476188463732014,8545350.607831169,0.0,100521.11691151786,0.00036584696536299003,0.1331262063643938
2006-12-01,2.819802899145497,284.2399122753815,0.560430811993099,5459154.316863259,9.199216218997016e-06,100970.00425453589,0.0041077825212415325,0.1996520720984475
2007-01-01,2.829245719949251,283.69877810994313,0.4583796209424069,7671076.740985457,1.5676997639873765e-05,100636.86055212641,0.0003283088324283513,0.21000164582521127
2007-02-01,3.52914759792351,284.1868337236821,0.45531579449952697,9163607.572963238,3.2580557442281506e-06,99828.17801050616,0.0018783535873085062,0.21965461362805827
2007-03-01,3.3325858400725634,285.2901331788171,0.4597110969199201,12784100.006637877,9.467526692051066e-06,99777.57478007264,0.0028318221638483194,0.22895927846894687
2007-04-01,2.1327810287475586,288.04721342086236,0.3292264511236228,18415199.710664853,8.815915543205393e-06,100161.8062855737,0.0027165184659684897,0.2164452506214416
2007-05-01,2.838764083319435,292.53919450052837,0.2513422649120958,20621715.56667633,0.0,99586.37625413915,0.000990436675744106,0.17098618546742708
2007-06-01,2.3788987101766073,296.7327339121487,0.18750300272143422,23213369.89222224,0.0,99730.36355824547,0.0012170101228898933,0.14347854440037944
2007-07-01,2.70244752219644,299.8606963613513,0.009400194546545226,24611126.765553232,0.0,99762.17229201319,1.6238085494119613e-05,0.07801970202597605
2007-08-01,3.093795787587228,299.5565796280297,0.07666120682995592,21324569.4210703,0.0,99679.4834291502,1.2540299264737244e-05,0.07405568260178287
2007-09-01,3.5002903375472374,294.4620401469965,0.12084330216980377,16257024.934231607,0.0,100064.92636629638,0.002795516626323475,0.09955643517373691
2007-10-01,3.0479036784809823,290.23545182582745,0.5161198641392981,9940563.213815939,0.0,100106.56500255597,0.002295082889947073,0.1989140015362023
2007-11-01,3.2987049990286934,285.465726375005,0.4486154637739765,7416650.006363206,3.5263662172822004e-06,100004.63168270185,0.00295440938005875,0.2214514146222881
2007-12-01,3.4830288611179747,282.13513071271103,0.5416326619019711,5807082.876459187,0.00035137172949810066,100418.24905868036,0.0018242314434057292,0.22774574672053627
2008-01-01,3.16669436419221,283.1546394981822,0.46240268276693614,7268764.4668640215,3.0664054063338567e-07,100662.68135233395,0.0009581650868331335,0.21787716279838168
2008-02-01,3.15547629307735,282.53338676414097,0.3289830630417118,10178452.210687745,3.5263662172822004e-06,100991.74079948271,0.0006653676499429545,0.1992070183137229
2008-03-01,3.4343039057706033,285.49777380244615,0.34142448911116346,13589360.621717302,3.0664054063338567e-07,99298.29780892833,0.002644691769815943,0.21248399550647032
2008-04-01,3.1971002471802983,287.5267765523131,0.3236142082936746,17802031.28022523,3.0664054063338567e-07,99625.55741477577,0.0008743485989671351,0.1879866871820631
2008-05-01,2.7268099998701256,291.57343192149494,0.31725748427199846,21423477.8141547,0.0,99900.48317355379,0.000505914625566864,0.12849322410850272
2008-06-01,2.5578590500493563,296.8682678240352,0.14025708093870648,22928729.982863594,0.0,99831.43156978165,0.0006153915087822124,0.10034426330197613
2008-07-01,3.031057686167085,299.953500369983,0.006708608699529217,23259802.7712908,0.0,99744.55461465979,0.00025244818766193304,0.07634729494673137
2008-08-01,2.64552619839141,300.4088409015424,0.002685546875,21418389.279462256,0.0,99694.43595688432,5.803427529895572e-05,0.07615379330119894
2008-09-01,2.934212116003782,294.52646882924796,0.284672115187911,15017012.63636641,0.0,99878.50434227794,0.0029243788737110393,0.1544583806297346
2008-10-01,2.406207347941064,291.8588543221425,0.40454790400208673,11911098.273465276,0.0,100356.25837078267,0.00022835655010686705,0.14242810689606047
2008-11-01,3.1768926106602646,287.88597480154914,0.45422770660392475,7100206.755176781,2.3764641899075463e-06,100022.49164638427,0.0038166658962738003,0.1990218095958561
2008-12-01,4.095830159998405,283.9728503800387,0.4220002611697065,5243209.625852624,2.3764641899075463e-06,100100.43861966491,0.005198965621293795,0.24283334645362298
2009-01-01,3.334738803215819,283.2524509173515,0.5429641378794844,5728210.58872629,3.0664054063338567e-07,99686.19822169747,0.00506394039685726,0.24972753365302172
2009-02-01,4.362797589762143,281.4040487742101,0.36609258706014525,9891268.033982879,0.00021346014634830626,99569.00086311478,0.0012614956117706438,0.22817145034070763
2009-03-01,4.102062421728883,283.9668414873935,0.3951416704835255,13046159.543298796,4.269969528317716e-05,99620.26172786993,0.002827003836337306,0.23339875907930546
2009-04-01,2.804732157142705,287.397585360441,0.5194127617180944,16995180.498054415,0.0,99763.69523465278,0.0027983179795275526,0.23409812931244414
2009-05-01,2.6108521604000248,293.21519492311484,0.10082821166912093,21678858.649031784,0.0,100117.50249969482,0.0006101249647585466,0.17273322889566287
2009-06-01,2.4891908571644557,295.6551391644405,0.1639373096140494,22842860.959928587,0.0,99751.85781686327,0.0017099362326793675,0.14860910231621108
2009-07-01,2.5354984503860662,299.3736422297199,0.05640272824736203,24213266.959287688,0.0,99883.24623186029,0.0003075788187181781,0.13218910553817237
2009-08-01,2.3859619401378156,299.9508297510295,0.04430490888178473,20562561.35087666,0.0,99921.07751152093,0.00021367745931750093,0.08198372145016923
2009-09-01,2.983277012900089,295.73692686988926,0.31811650103168443,14231788.126638487,0.0,100026.67973864313,0.0031173360824078965,0.13540123285401093
2009-10-01,3.2929259926967958,290.2952069249104,0.4179628823991825,10700345.050081637,4.139647298548755e-06,99836.93493068378,0.00246562927301131,0.2118371471485476
2009-11-01,2.3517033862617955,287.1815990525825,0.4472696708504685,8153851.469931179,8.585935137730462e-06,100034.81363683184,0.0006156156170385387,0.19745444626704334
2009-12-01,3.5133969728228482,284.8755195862974,0.5322264283834099,5489367.491599651,1.1882320949537731e-05,99307.60852642944,0.0019391989789010692,0.2183194522738844
2010-01-01,4.100173857568132,282.59881692849996,0.47046312336198937,5928889.675659591,3.265721757743888e-05,99600.18657489357,0.0030832716274463144,0.23282101845193004
2010-02-01,3.705728346953713,283.15597480765894,0.4062516205754639,8632491.764439289,2.955248210352742e-05,99146.62656695864,0.002636399764331874,0.24209804020059972
2010-03-01,3.044504262991631,284.1798233489294,0.45166497327086164,13633885.300276196,4.944578717710904e-06,100103.79601593854,0.002586199514914805,0.229390510707562
2010-04-01,2.803976731478405,287.57584917558233,0.3749977274688897,17334522.155356843,1.1882320949537731e-06,100050.18151255857,0.0018517967589338515,0.20547370731975212
2010-05-01,3.0483191625963477,291.0416449223936,0.31591169134849045,20371423.26649169,2.0698236492743775e-06,99638.50242721225,0.0013380285813060404,0.1794919649431889
2010-06-01,2.8288302358338857,295.41077753020187,0.15417315244561902,22595112.927090168,0.0,99611.60864469047,0.0005618296355202508,0.13192373185287073
2010-07-01,2.593326284988257,299.2227522588512,0.025506758790657003,22982159.59713427,0.0,99788.61611420964,0.0005068110585921691,0.09544867167000534
2010-08-01,2.5084164403208993,299.47646105942687,0.03491299230921824,21084454.19027055,0.0,99717.2454841454,6.173206152833809e-05,0.08219104464181114
2010-09-01,2.8128529830339337,294.6706822527331,0.26391254349550036,14809654.847649274,0.0,99805.67999423954,0.0022865667762066774,0.1557465487271363
2010-10-01,3.00835714495486,290.4143832957071,0.48791548052960915,9734795.592190195,3.0664054063338567e-07,99761.826168686,0.005296900929308344,0.22045626330240695
2010-11-01,3.307770107000297,288.2254772360037,0.4680149255968844,7158406.8707216205,0.0,99502.44134729831,0.0021026859518910312,0.23209676943579433
2010-12-01,3.5967959661616047,283.28616748163853,0.3897728157354882,6193175.446248455,4.967576758258311e-05,99661.76191479866,0.0006369059013895274,0.21157453777246785
2011-01-01,2.641673527503478,282.4676227724128,0.533572221306918,6791078.272610745,2.3304681088125384e-05,100201.36818187022,0.002121511045422432,0.20911430256498392
2011-02-01,3.601215206297762,282.63487028437123,0.4315210302562259,9139437.033174125,4.292967568865209e-05,99905.67502346147,0.003144901397936019,0.23670763721791022
2011-03-01,3.9400991593028913,284.34239727771933,0.42871490884125174,13273871.470785711,3.7180165551780123e-06,100389.69388418812,0.003476133400786141,0.23603314576776857
2011-04-01,3.296325408186147,287.83022563089634,0.2778286150024129,17827791.98710573,4.024657095811181e-06,99888.68036809699,0.0026314693826926974,0.21546668515689182
2011-05-01,2.9010867006242127,291.25596209340614,0.2258294671494228,20776915.874795903,1.1882320949537731e-06,99993.07116357409,0.001830842636967352,0.20205978543071546
2011-06-01,2.7782167163257636,296.18859530038776,0.15697927386059313,23216868.259823292,0.0,99862.30577056599,0.0005220504200223503,0.13094516638832096
2011-07-01,2.4769151901195756,298.5657799963079,0.08472164742500915,23123048.40143134,0.0,99578.76154094121,0.00022297795195503787,0.09322340274638224
2011-08-01,2.4717782956023333,299.86804056347324,0.008054401623037222,21584720.75722155,0.0,99793.5656777883,1.9375601082686524e-05,0.07770733508390226
2011-09-01,2.593930625519697,297.8106624872261,0.1167057047773164,15891604.5366304,0.0,99941.49878782446,0.0006190892950115948,0.08859042049049119
2011-10-01,3.533226896510732,290.98789871595585,0.36560581089632327,10711158.186303083,0.0,100286.23762169442,0.0014504188718536294,0.13858571707763054
2011-11-01,2.8845806498592506,287.2904267749347,0.561160976238832,7065859.146002777,0.0,100602.49050573757,0.003368113221236913,0.20633064317853866
2011-12-01,3.542556403464841,284.5693998887607,0.3226263390200357,6090450.652144721,3.2197256766490316e-06,100239.82248351976,0.0013043002887289479,0.20285590648662036
2012-01-01,4.0142441882539694,281.63672645052753,0.25268805783560383,7434777.911205041,1.4948726355871588e-06,100276.44233153526,0.0011373396377659297,0.19792161452554308
2012-02-01,4.2421183398901645,280.893292899367,0.5402868689784631,7974162.588604214,0.0007623850441493643,99926.75393408665,0.005992420902816702,0.24740827821585432
2012-03-01,3.1424829716513845,285.76183125146633,0.2782008555982768,15458124.987517739,3.0664054063338567e-07,100573.13924759283,0.0007851535129493078,0.20954829911282097
2012-04-01,3.366391138550003,287.55849015238505,0.4013695419912487,17112216.79598065,5.596189866556578e-06,99321.76497051105,0.0022425295038385794,0.20140187983590516
2012-05-01,3.071926214605733,291.4759543296948,0.1290325952788099,21158237.943311002,2.0698236492743775e-06,99821.04786996628,0.0008970955869842443,0.14073082103381876
2012-06-01,2.566735301604885,298.14282071955876,0.033323811303799244,25488899.0,0.0,99833.57753441016,8.170188266376499e-06,0.08957727888270665
2012-07-01,3.013116326639952,300.9476382753965,0.07800699975346392,23770246.407626692,0.0,99667.57678669527,0.0008715472457630578,0.09502573235905586
2012-08-01,2.6760453952291434,300.7523492644271,0.03222140646220223,21908478.777028367,0.0,99865.55932984146,2.049614236431744e-05,0.0793576276893718
2012-09-01,2.682579827225341,296.7701225774967,0.24865067906507982,15575479.318862252,0.0,99857.07930832558,0.0005703457492606465,0.0824121893795625
2012-10-01,2.6309464830704137,293.21920085154494,0.3481391367827087,11624232.130178688,0.0,99806.51069022478,0.0011427182359177585,0.0993435833636512
2012-11-01,3.098517197989105,289.40956291447986,0.5389410760549551,6687717.411670456,0.0,99963.30455743671,0.0034066598413250194,0.19606123441920975
2012-12-01,4.017228119627956,283.4694387073175,0.3991647323080547,6279362.502601743,3.833006757915369e-06,99827.55498851724,0.0014087347361769562,0.21359248350444904
2013-01-01,3.7260870686066068,283.2107224962042,0.3897728157354882,6713478.118550958,3.081737433363943e-05,99642.93280580014,0.0011706197138303702,0.21623239881135592
2013-02-01,3.286920358665608,282.0506723883089,0.4970640090202646,9193820.747699631,0.00018133954971697548,99464.99080329758,0.002621048348773529,0.23150520726230941
2013-03-01,3.7879564305128044,285.0985162689086,0.5590850190695908,12790142.641585154,5.293382332681104e-05,99232.3613151008,0.002276033688159346,0.23661917932280968
2013-04-01,2.9398778084860346,288.80066179309824,0.22497045038973684,19676838.280972943,1.4948726355871588e-06,99905.25967546886,0.0004396906358224723,0.16968972444235972
2013-05-01,3.3012356750040994,292.06682877314074,0.14648495244642967,21892895.139532752,0.0,99564.74354619048,0.00027922912429291383,0.0911888711590697
2013-06-01,2.917894921654895,295.97594726622106,0.08605312340252241,23197468.221308347,0.0,99833.50830974472,0.0007807834019509471,0.09419091097404446
2013-07-01,2.76952932118631,298.75773073358556,0.016114842218090508,22922369.314498037,0.0,99940.56425484108,0.0006530416958450136,0.11675043853390536
2013-08-01,2.593288513705042,300.10305503137494,0.03088993048468902,20642705.772282667,0.0,99809.48735083852,0.0003372731626813995,0.08569618873517024
2013-09-01,2.840274934648036,296.3748709723894,0.10144384034689585,16027086.772816747,0.0,99893.00690968672,8.627191559605661e-05,0.06954985857009886
2013-10-01,2.5062634771776433,292.886374964474,0.47985503993455586,11082303.185433293,0.0,100295.13299120292,0.0009310479878176636,0.12681805272003616
2013-11-01,3.427089590676535,288.0749210925042,0.5722709263307704,6620612.360413836,5.327879393502311e-06,99622.44230483116,0.007351413369178772,0.19053538028464756
2013-12-01,2.8286791507010256,284.0479615381039,0.3857354369649642,6075185.048067385,0.0,100670.43451486275,0.004585245161344499,0.23491912915134608
2014-01-01,3.2061653551519025,284.3797859430673,0.533572221306918,6333110.150290692,0.0,99807.5144478736,0.001692119626301435,0.2407352357542069
2014-02-01,3.5015367898933327,285.03408758665717,0.5535873118076008,8928580.876855934,8.739255408047155e-06,99904.013631491,0.004358671714198712,0.23953552555190577
2014-03-01,2.9569126572160074,285.3712532295275,0.29430741984238856,14525651.005127188,2.529784460224239e-06,99827.17425285735,0.0015380452000771732,0.21951363385774178
2014-04-01,3.4148894661980846,287.52443976072885,0.4653376566958632,17322118.85204401,2.3764641899075463e-06,99571.00837841241,0.0027170787366093056,0.22343895295282845
2014-05-01,2.735988421691375,290.7538857301617,0.28356971034631406,20504679.268750094,2.0698236492743775e-06,99791.48893782523,0.0011540357028622314,0.1725037912302458
2014-06-01,2.568170610367056,296.37119887132843,0.11803718075482961,23120186.10066684,0.0,99821.01325763356,0.0005222745282786765,0.13267562396122537
2014-07-01,2.9550618643384716,298.1241263868847,0.09276777107406764,22197889.18766118,0.0,99666.64225371188,0.0003305499149916136,0.081682411744983
2014-08-01,2.586640767859199,299.1907048314101,0.08874470924953842,20960739.190560482,0.0,99706.93100899548,0.00014409184572821603,0.07874118673288988
2014-09-01,2.6897941423194096,295.3543607048107,0.34033640121556125,15256809.833747882,0.0,99870.12815776022,0.0015557497523269429,0.15006312896692628
2014-10-01,2.7938162562935656,291.7690547598335,0.46374847569044414,11142411.501487799,0.0,100109.74933716601,0.0014472813562650625,0.16354742935131564
2014-11-01,3.196344821515998,289.07873999162393,0.5833808764227089,7400748.335449315,0.0,100016.81522381854,0.0016907749767634777,0.17992043287258214
2014-12-01,3.3263158070588705,284.2262253532452,0.5067136306207369,6164552.4386034515,7.597019394188238e-05,100058.24618608183,0.0011020425873945533,0.18176699143280603
2015-01-01,3.7056905756704976,282.85820079435166,0.4193086753226905,6856911.190194253,0.00014592256727383765,100061.74203168633,0.0020040783191075037,0.20830712427219145
2015-02-01,3.781270913383746,282.4682904271512,0.44946016358766766,9209722.418613523,1.655858919419437e-05,99609.11655673478,0.0029995671937084792,0.23138357765654616
2015-03-01,3.955396529004973,284.5413583897497,0.5268575736353727,11543769.6753544,1.0924069260058889e-05,100008.5774886317,0.004727441849983472,0.24734193479452887
2015-04-01,3.3460701881803243,287.2897591201963,0.2083771099818031,18723374.092976056,0.0,100190.36146006593,0.00030466541138593744,0.1755334741374395
2015-05-01,2.8717006422829296,292.2884901462753,0.2003166693867498,21525884.57484016,1.4948726355871588e-06,99836.48497035845,0.0008508172320528841,0.12463148412551955
2015-06-01,2.928282024539025,296.36886207974413,0.05834983290265017,23712682.358918406,0.0,99971.12694463096,0.0006734355471706976,0.0980996442137998
2015-07-01,2.4536858509423403,301.51147270193906,0.009400194546545226,24307722.8845162,0.0,99767.36414192087,5.276773127528989e-05,0.07286150101792552
2015-08-01,2.391892031602573,299.9978994100837,0.07263814500542665,19755392.535287566,0.0,99823.43612092381,0.0008306474889835263,0.09430977627058582
2015-09-01,3.0462417420195216,296.6706420214815,0.1652831025375574,15533498.90764958,0.0,99849.5684321258,0.0008782704934528437,0.10501041726852989
2015-10-01,3.105316028967808,291.78541230092327,0.5470015166500084,9277463.536706697,0.0,99940.07968218303,0.005520673023250053,0.16898758989999915
2015-11-01,2.4067739171892897,288.0094909281452,0.3514463513074997,8004693.796758884,0.0,100307.07424599057,0.0015225817303906653,0.2129401065280825
2015-12-01,2.40798259825217,284.4562324106092,0.30773671518547907,6741783.092777683,0.0,101356.3125,0.00011305285222703741,0.20005013262639995
2016-01-01,3.339120272068761,283.65104079615065,0.43958147085127913,6587218.851494666,4.319798616170614e-05,100117.57172436026,0.0012238454247078421,0.20808321522521822
2016-02-01,3.486088335058391,285.7825285483554,0.4108903110777681,9603129.757023178,0.0,99928.86528638244,0.0010302158912420065,0.20328161010679174
2016-03-01,3.126467947568217,284.8114247314151,0.5726288499806396,12745617.963026261,0.0,99523.24335926176,0.005545324931445935,0.23190050348103997
2016-04-01,2.7537409248024325,288.8150163699729,0.3207937699327057,19353080.26116613,0.0,99701.5660974242,0.0004802542302175146,0.1720615017547431
2016-05-01,3.120009058138449,290.9371569558407,0.354853784454254,20082012.85585888,0.0,99702.88136606748,0.0020197658970503374,0.17790248714060097
2016-06-01,2.760426441931491,296.39056085874074,0.1167057047773164,22385210.87102681,0.0,99727.73302095891,0.000566760017159427,0.1078852988592976
2016-07-01,2.8279237250367255,299.5689312406893,0.017460635141598513,23095379.49404117,0.0,99824.92445123069,0.00034724598008791527,0.08956069302737531
2016-08-01,3.146335642539316,298.35046134318776,0.06994655915841064,20237849.23081501,0.0,99918.44697423436,0.0016145781696125698,0.1168084890275651
2016-09-01,2.540031004371868,294.73077117918524,0.3527778272850129,14553955.979353912,0.0,100029.06798960066,0.0032150472821661194,0.18046776609851678
2016-10-01,3.164125916933589,291.5751010583408,0.5107366924452661,10052829.010468008,0.0,100172.36304705264,0.0029151904352016653,0.18395079571810075
2016-11-01,3.1864109740304487,287.7414275506949,0.5764228406692525,7162541.305159232,0.0,100160.62946626128,0.00205058078229519,0.2263746493464778
2016-12-01,3.341008836229512,283.28917192796115,0.27550926975126083,6865816.125906032,2.644774662961596e-06,101048.92037313263,0.0004951574292632066,0.20228093016846682
2017-01-01,3.939608132621096,280.1728934366798,0.94091796875,6029388.235835379,0.00251188431866467,100175.23587066821,0.004025422737041654,0.22576097269921777
2017-02-01,2.8981027692502264,284.1294154161834,0.4613002779253392,9858510.591900263,0.0,100399.38533734913,0.002321527664193564,0.22951490462254714
2017-03-01,3.7573239198254256,286.0182106709954,0.20433973121127907,15690607.41627882,0.0,100040.87079505746,0.0005871538684851111,0.17617202956769656
2017-04-01,3.225881964990141,287.35819373087793,0.38330155614585404,18531917.975172814,0.0,100044.0551296675,0.0012496178741853554,0.16288123082883965
2017-05-01,2.979575427145017,292.04379468466743,0.14513915952292167,21384359.70370653,0.0,99952.9900822868,0.0010426538994681104,0.13334735110214513
2017-06-01,2.770246975567395,297.698162663813,0.08752776883998331,23887282.70555293,0.0,99863.17107888393,0.00034724598008791527,0.09872990671639117
2017-07-01,3.044164321442696,300.21255040846546,0.005377132722016009,23911135.211923763,0.0,99765.39123895596,0.00011641447607193059,0.07280897914270958
2017-08-01,2.8232778572012784,300.8675197067937,0.004031339798508005,21665819.278882395,0.0,99887.57277345003,6.587806427037256e-05,0.07551523787094187
2017-09-01,2.9109827768265473,295.03689087672194,0.2861324436793772,16128221.399829093,0.0,99917.13170559108,0.001984020630166309,0.12043802703590933
2017-10-01,3.1285075968618283,291.12710472890325,0.31591169134849045,11985518.093342286,0.0,100307.76649264494,0.0005777413217194108,0.14291738962833536
2017-11-01,3.132926836997985,286.65982687455653,0.4444635494354943,7366718.759693589,0.0,99912.18214201243,0.0032779096480656184,0.1774049114806604
2017-12-01,3.7915447024182307,283.01075990206624,0.27550926975126083,6435516.910976149,0.0,100254.87884825203,0.0008492484742586006,0.20199067770016815
2018-01-01,3.3760605870530473,284.11539466667796,0.5013447758726997,6925606.4085422605,0.0,100259.82841183069,0.0014670028828217682,0.20621730650044107
2018-02-01,3.631054520037625,282.27967796356535,0.5148886067837483,8264209.066073581,0.00017865644498643476,99441.93898970749,0.004737638775646315,0.22937945347067445
2018-03-01,3.5143034836200084,285.0941765131093,0.432737970665781,12557024.145987518,4.197142399917325e-05,99088.0625,0.002708674676997073,0.2324036077594243
2018-04-01,2.543770361410155,289.4149041523867,0.30835234386325405,19616411.93150016,0.0,99953.75155360659,0.0004716260623489556,0.18495423996564755
2018-05-01,2.391703175186498,293.0035483710556,0.29699900568940457,19999324.167106647,0.0,99702.327568744,0.001389125263748414,0.1533830643424186
2018-06-01,3.1923788367784214,296.39556826927844,0.1444089952771886,21121028.0333725,0.0,99602.74788751469,0.0014566939030307628,0.12759482361138783
2018-07-01,2.7737597049063916,299.81796645809646,0.08605312340252241,23204464.956510462,0.0,99658.12761986328,0.0003069064939491997,0.09097878365820591
2018-08-01,2.3478884866570784,299.1720104987361,0.1505080142709589,19390608.20452291,0.0,99791.76583648697,0.0010825451690941739,0.11525218293563988
2018-09-01,2.8826165431320696,296.85658386611397,0.1167057047773164,16194690.384249156,0.0,100179.11245193263,0.00020325642539833263,0.08360913527264176
2018-10-01,3.078271790185856,292.3662719232939,0.5793434976521847,9827661.350327317,0.0,100112.48371145072,0.00640410776968793,0.2146512139364337
2018-11-01,3.1411987480220738,288.41809562801967,0.6041261311691247,6718884.686661681,0.0,100103.17299394961,0.002372064075995122,0.2279116052738498
2018-12-01,3.5313383323499807,284.00856990854084,0.3696288727208525,6209077.117162345,0.0,100345.39009830926,0.0014486260058030197,0.2255094205600256
2019-01-01,4.289332443908935,280.8215200149936,0.47985503993455586,6918291.639921871,0.000557127532262997,99466.51374593716,0.0025898973011441876,0.23216034854789783
2019-02-01,4.608046531677246,282.9293060239867,0.33629902244503723,10266547.467550699,0.00015937642099412056,100422.05641527934,0.001103947507573326,0.2238729495006655
2019-03-01,3.567107737554602,285.6757037902183,0.3468076608051955,14964219.088932293,1.7631831086412086e-06,100189.94611207332,0.0016148022778688961,0.1967688975800141
2019-04-01,2.949471714422649,287.3011092507484,0.4457950254130076,17315122.116841897,0.0,99786.12402625395,0.0013839707738529114,0.20757734663761196
2019-05-01,3.181878420044647,289.24765664042826,0.3682830797973445,18819420.185295958,0.0,99623.37683781455,0.0015950807513121909,0.17798818072647962
2019-06-01,2.4834118508325584,297.8667454852481,0.07080557591809661,23850390.8290327,0.0,99917.68550291457,0.0005861453813316435,0.12553264893185637
2019-07-01,2.75899113316932,299.6780927904107,0.07531541390644791,23089972.925930448,0.0,99649.37069968566,0.0004940368879815756,0.0910202482965343
2019-08-01,2.2088523931426023,300.4806137859158,0.04565070180529274,21343015.359330412,0.0,99865.10936951613,9.10902431070699e-05,0.08342945517321877
2019-09-01,2.7479241471873204,296.7517620721919,0.18615720979792622,16142850.937069872,0.0,100054.26576781928,0.0008509292861810474,0.11688588968577807
2019-10-01,2.2102877019047726,292.9992086152563,0.3749977274688897,11737133.993667312,0.0,100111.99913879267,0.0014018994343590074,0.1497092973865241
2019-11-01,3.713131518463856,289.13882891807606,0.4305474779285818,7075082.115132833,0.0,99451.69966753392,0.004999845435547967,0.21440795472490717
2019-12-01,4.079361880516657,285.1793024922498,0.47179459933950263,5687184.277768452,2.2998040547492216e-05,100034.19061484291,0.0013815055830333233,0.2256034070735699
2020-01-01,3.064409729245945,283.0721841379951,0.384403960987451,7901650.969236872,1.4527095612499328e-05,100920.37016941847,0.00013277437878374309,0.1931974100653296
2020-02-01,3.8105814291585993,284.3817889072824,0.22704640755897793,11488431.860574061,0.0,100393.43201612166,0.0004884341815734206,0.16774917936859152
2020-03-01,3.1113972055654253,284.7840508871425,0.29430741984238856,13631977.09976653,7.397703042776689e-06,99898.68333225246,0.00285389682709645,0.1720338586625242
2020-04-01,3.0232390305415766,287.0884612165817,0.21668093865876736,18147733.605893213,1.1882320949537731e-05,100029.24105126425,0.001927881511956596,0.19703703557453764
2020-05-01,3.1951361404531173,291.6038102120902,0.2244836742259148,21113713.26475211,0.0,100045.99342029971,0.0006639109462768344,0.13380346212375732
2020-06-01,2.9463366979158025,294.84093421101414,0.14171740943017258,22475214.32839943,0.0,99692.87840191202,0.0034530502503845426,0.1719951583334177
2020-07-01,2.5768580055065096,298.6078422448244,0.03222140646220223,23409278.477881372,0.0,99783.38965196925,0.0006975271847257641,0.12117056897971074
2020-08-01,2.5787465696672607,299.86203167082806,0.11023444518768216,20352659.294813298,0.0,99616.76588226543,0.0005637345556990235,0.10593646085786372
2020-09-01,2.975609442407441,297.1279855172561,0.12634100943179388,16004188.366700746,0.0,99909.69005405674,0.000559588552956989,0.10478650822155663
2020-10-01,2.800388459572978,291.4525864138523,0.26074849843065706,11467441.654967725,0.0,100023.87613969299,0.0008889156356283383,0.1251705244237885
2020-11-01,2.7466399235580097,288.1520352147844,0.5764228406692525,7132328.13042284,0.0,100647.93649859613,0.005653008948610674,0.1739688751178486
2020-12-01,3.232529710835984,285.26743291771294,0.5228201948648487,5639161.231608503,1.1882320949537731e-06,99708.17705297332,0.0022842136395152526,0.23704488294298104
2021-01-01,3.696474382566034,282.9930670514998,0.3978332563305415,6578949.982619442,1.3875484463653654e-05,99688.86337131675,0.0015256071918510689,0.23750099396459323
2021-02-01,3.011001134779911,284.05096598442645,0.4315210302562259,10172727.609158743,5.396873515144834e-05,100442.37385458472,0.0011494414836075444,0.22770981070065166
2021-03-01,3.5081467644559607,283.6623909267027,0.28087812449929805,14297303.010803716,3.074071419848119e-05,100323.3766547007,0.0016187241723546048,0.20546817870130835
2021-04-01,3.001520542692942,285.735125061932,0.43615972075853005,16829803.12054995,8.815915543206043e-07,100033.67142985214,0.00225810502765325,0.20968375026469369
2021-05-01,2.899575849295612,291.69594656598343,0.09411356399757564,22152092.375429172,0.0,99911.76679401982,9.90460862066501e-05,0.12438269629554927
2021-06-01,2.4375197417263132,297.38636790100026,0.044433761395737625,23812226.818839364,0.0,99998.12456415089,0.0005989195519422365,0.09705473532792461
2021-07-01,2.664449611282133,300.5176686238946,0.04565070180529274,23630629.73700273,0.0,99682.07935410405,0.0005815511620769565,0.09583014634262643
2021-08-01,2.674723400316618,300.7126238074949,0.07935279267697193,20918758.779347807,0.0,99744.7622886561,0.0005535376300361814,0.09111699911930052
2021-09-01,2.3926852285500884,296.18859530038776,0.12499521650828588,15435544.614820013,0.0,100154.67614503381,0.0017521806389968562,0.14105424521278015
2021-10-01,3.011001134779911,290.6724318520821,0.3682830797973445,10406800.205011215,0.0,100195.24179897914,0.0015318822230282027,0.14587520049575983
2021-11-01,3.18890387872264,288.8200237805106,0.6805356719431909,6427884.108937481,0.0,99835.75811137138,0.004271941819000473,0.22532697615138073
2021-12-01,4.129257745643695,284.238910793274,0.29163015094136735,6240244.39215357,0.0,99873.00098137581,0.0013319776583852333,0.22549007039547236
2022-01-01,4.035207250438304,282.7380229414474,0.25671111966013305,7697791.548120793,5.979490542347985e-06,100421.74490428487,0.0009586133033457861,0.20809980108054954
2022-02-01,3.78927842542533,283.82463102812346,0.32140939861048057,10601436.656997237,5.596189866556578e-06,100241.79538648468,0.0010357065435219982,0.19532316385696458
2022-03-01,3.5685052750335573,282.92096033975724,0.34009301313365026,14311296.48120794,2.2614739871700592e-05,100601.93670841408,0.0017882620682653741,0.20322355961313202
2022-04-01,3.585728980179605,287.1836020167976,0.24865067906507982,18708108.48889872,0.0,99704.61198270338,0.0006019450134026405,0.16750592015706503
2022-05-01,2.666640345708604,293.0886743501962,0.27685506267476884,21765999.805639908,0.0,100031.42162822548,0.001677664643768395,0.14028853155831605
2022-06-01,2.939953351052465,299.72315948524977,0.07226590440956271,24096230.66136145,0.0,99795.95392874583,0.00048372790819057026,0.07934104183404045
2022-07-01,2.8376309448229846,301.1128828231399,0.053711142400346024,23663069.14566707,0.0,99903.18293550579,0.0003949810386853956,0.08875075042536093
2022-08-01,2.7717200556127803,299.8817274856096,0.06323191148686541,19514641.23765126,0.0,99638.67548887584,0.0007368581837110121,0.0995896068843996
2022-09-01,3.1275633147814528,296.3157835280448,0.14856090961567076,15429501.979872735,0.0,99796.19621507486,0.0011371155295096034,0.11855553245580086
2022-10-01,2.494478836814558,292.8089270148246,0.24999647198858782,12349030.290433826,0.0,100559.64043783286,0.0021704786994297064,0.16420809925534782
2022-11-01,3.0910384839125316,288.46483145970467,0.4207833207601514,7033101.703920161,0.0,99918.62003589795,0.00520131875798522,0.19741021731949304
2022-12-01,2.3677561816281774,286.39343263395205,0.6303690931775308,5938748.711626204,0.0,100155.12610535914,0.0010934144195259947,0.2263359490173713
2023-01-01,3.5414610362516052,283.66773216460956,0.46911733043848136,6869314.493507087,8.815915543206043e-07,100025.19140833626,0.0020339967713270514,0.21893589323036633
2023-02-01,3.3749652198398117,282.65323078967606,0.36609258706014525,9987950.193139333,3.997826048505733e-05,100779.04801493141,0.000947519944657639,0.21334093136525686
2023-03-01,3.367864218595389,285.6840494744477,0.29028435801785935,15067261.916454304,0.0,99803.88015293822,0.0012742697823812372,0.21275489781021575
2023-04-01,3.2744180639214373,286.6344559944989,0.3499717058700388,17858323.1952604,0.0,99642.62129480568,0.0027854317547887962,0.2145793418966645
2023-05-01,2.8640708430734962,291.0416449223936,0.47046312336198937,17424207.579311185,0.0,99742.20097603498,0.003877959504379016,0.23587281583289882
2023-06-01,2.4186718714020197,296.32846896807354,0.23473460755816727,21815613.018891245,0.0,99789.61987185846,0.0016839396749455285,0.18985812452528403
2023-07-01,2.4911549638916366,301.773193359375,0.02417528281314374,24195139.05444585,0.0,99821.63627962249,6.610217252669883e-05,0.08552756587263483
2023-08-01,3.017460024209679,300.12875973880165,0.04699649472880074,20889499.70486625,0.0,99698.31253814872,0.00017647548876735183,0.07470253095970561
2023-09-01,3.0141361512867575,297.7589192450034,0.09301115915597868,16359431.694917064,0.0,100003.10874006226,0.0010166573417342713,0.0946940152524288
2023-10-01,2.7303227292091226,294.6383009979228,0.24328182431704257,11850353.890574213,0.0,100068.17992557185,0.0010800799782745858,0.14546055411247605
2023-11-01,3.6215361566674407,289.3221001437551,0.3055462224482799,7497748.528024049,2.410961250728775e-05,99600.6365352189,0.00298477604879095,0.18901224590338506
2023-12-01,2.968130728330867,285.7408001272081,0.434083763589289,6108896.590404833,0.0,100161.39093758108,0.0004746515238093596,0.2024689031955555
2024-01-01,3.674378181885249,284.5720705077141,0.31860327719550646,6626336.961942837,2.4799553723712326e-05,100254.87884825203,0.0013500183730194922,0.20511987573934995
2024-02-01,3.3490541195543106,285.64131957119287,0.3807388228127909,9860100.758991651,0.0,100122.4866756062,0.002160169719638701,0.18501781907775106
2024-03-01,3.18935713412122,286.8277420412533,0.3709746656443605,14519608.370179908,0.0,99771.55223417973,0.0010537472581562575,0.2093354473027353
2024-04-01,2.6242609659413554,289.57580894433073,0.13610516660022431,18958718.82250164,0.0,99987.25629167748,0.0011734210670344475,0.15089795035193768
