,month,year,month_of_year,T2M,T2M_MAX,T2M_MIN,PRECTOTCORR,ALLSKY_SFC_SW_DWN,CLRSKY_SFC_SW_DWN,RH2M,WS2M,PS,QV2M,DISPH
0,1981-1,1981,1,5.42,12.09,-0.7,0.0,-999.0,-999.0,72.56,6.24,99.52,4.15,0.01
1,1981-2,1981,2,7.36,16.56,0.25,5.27,-999.0,-999.0,80.25,4.12,99.81,5.25,0.01
2,1981-3,1981,3,11.95,21.53,4.41,0.0,-999.0,-999.0,79.25,3.81,99.62,6.9,0.01
3,1981-4,1981,4,14.54,23.05,5.85,0.0,-999.0,-999.0,68.75,3.65,99.76,6.9,0.01
4,1981-5,1981,5,18.59,29.37,8.01,0.0,-999.0,-999.0,62.88,3.62,99.67,8.06,0.01
5,1981-6,1981,6,24.76,37.67,16.16,0.0,-999.0,-999.0,50.75,4.11,99.7,9.46,0.01
6,1981-7,1981,7,25.48,35.86,17.55,0.0,-999.0,-999.0,47.94,4.73,99.7,9.34,0.01
7,1981-8,1981,8,26.27,38.38,16.01,0.0,-999.0,-999.0,53.5,3.44,99.76,10.86,0.01
8,1981-9,1981,9,23.07,33.02,15.03,0.0,-999.0,-999.0,64.19,3.16,99.89,10.99,0.01
9,1981-10,1981,10,19.43,33.25,8.63,0.0,-999.0,-999.0,70.44,3.42,99.87,9.83,0.01
10,1981-11,1981,11,10.82,22.82,4.28,0.0,-999.0,-999.0,72.62,4.55,100.19,5.98,0.01
11,1981-12,1981,12,9.58,18.79,-0.45,0.0,-999.0,-999.0,80.31,5.46,98.93,6.23,0.01
12,1982-1,1982,1,8.98,18.59,2.26,0.0,-999.0,-999.0,78.88,3.05,99.96,5.74,0.01
13,1982-2,1982,2,7.62,13.74,0.08,5.27,-999.0,-999.0,77.81,4.17,100.09,5.13,0.01
14,1982-3,1982,3,9.84,18.76,3.37,5.27,-999.0,-999.0,77.56,4.73,99.76,5.92,0.01
15,1982-4,1982,4,13.04,21.67,6.26,0.0,-999.0,-999.0,74.81,3.6,99.45,7.02,0.01
16,1982-5,1982,5,18.25,28.15,8.05,0.0,-999.0,-999.0,69.5,3.99,100.07,8.79,0.01
17,1982-6,1982,6,25.15,39.51,15.06,0.0,-999.0,-999.0,53.38,3.28,99.74,10.07,0.01
18,1982-7,1982,7,27.51,37.66,18.41,0.0,-999.0,-999.0,46.5,3.48,99.69,10.13,0.01
19,1982-8,1982,8,26.12,35.68,17.4,0.0,-999.0,-999.0,57.0,3.29,99.67,11.54,0.01
20,1982-9,1982,9,24.35,34.58,17.37,0.0,-999.0,-999.0,63.38,2.74,100.04,11.54,0.01
21,1982-10,1982,10,18.72,28.66,11.15,0.0,-999.0,-999.0,71.75,3.36,99.77,9.58,0.01
22,1982-11,1982,11,13.53,20.79,7.54,0.0,-999.0,-999.0,78.88,3.65,100.1,7.57,0.01
23,1982-12,1982,12,10.01,17.37,2.36,0.0,-999.0,-999.0,80.62,4.42,99.83,6.35,0.01
24,1983-1,1983,1,8.32,17.31,2.02,0.0,-999.0,-999.0,79.69,4.09,100.62,5.43,0.01
25,1983-2,1983,2,7.19,16.04,-1.28,0.0,-999.0,-999.0,71.88,5.14,99.9,4.76,0.01
26,1983-3,1983,3,10.79,19.87,2.26,0.0,-999.0,-999.0,74.56,4.74,99.84,6.04,0.01
27,1983-4,1983,4,15.19,27.87,5.44,0.0,-999.0,-999.0,66.38,3.72,99.73,6.9,0.01
28,1983-5,1983,5,20.02,31.08,10.62,0.0,-999.0,-999.0,57.06,3.86,99.57,7.93,0.01
29,1983-6,1983,6,22.23,32.26,13.73,0.0,-999.0,-999.0,56.25,3.84,99.82,8.97,0.01
30,1983-7,1983,7,27.62,41.72,17.25,0.0,-999.0,-999.0,46.56,4.45,99.69,10.07,0.01
31,1983-8,1983,8,25.75,35.96,17.81,0.0,-999.0,-999.0,53.62,3.4,99.73,10.68,0.01
32,1983-9,1983,9,22.37,31.35,15.48,0.0,-999.0,-999.0,61.81,4.64,99.88,10.13,0.01
33,1983-10,1983,10,17.25,27.69,8.83,0.0,-999.0,-999.0,68.25,3.66,100.24,8.18,0.01
34,1983-11,1983,11,11.88,20.16,4.08,0.0,-999.0,-999.0,78.62,3.3,99.88,6.9,0.01
35,1983-12,1983,12,9.06,15.57,1.3,5.27,-999.0,-999.0,86.44,4.76,99.81,6.35,0.01
36,1984-1,1984,1,8.26,15.07,1.1,0.0,6.15,9.6,84.31,3.93,99.8,5.8,0.01
37,1984-2,1984,2,8.17,16.55,0.6,0.0,8.37,13.43,82.69,4.59,99.64,5.74,0.01
38,1984-3,1984,3,9.24,18.71,2.01,0.0,12.53,18.06,77.25,3.91,99.38,5.68,0.01
39,1984-4,1984,4,12.5,21.58,5.23,0.0,16.75,23.07,75.06,5.09,99.48,6.71,0.01
40,1984-5,1984,5,18.0,27.35,9.37,0.0,21.23,26.09,66.38,4.22,99.33,8.3,0.01
41,1984-6,1984,6,22.35,33.66,13.19,0.0,25.12,27.21,53.25,3.8,99.84,8.48,0.01
42,1984-7,1984,7,26.25,38.05,16.46,0.0,25.32,26.01,41.94,4.48,99.83,8.36,0.01
43,1984-8,1984,8,25.08,35.33,16.64,0.0,20.11,22.82,55.56,3.52,99.76,10.5,0.01
44,1984-9,1984,9,21.85,30.49,12.67,0.0,15.72,18.83,63.38,3.85,99.62,10.07,0.01
45,1984-10,1984,10,18.07,27.25,8.69,0.0,10.37,14.34,76.75,3.45,100.21,9.89,0.01
46,1984-11,1984,11,13.45,20.79,6.45,0.0,7.63,10.5,79.94,3.48,99.77,7.81,0.01
47,1984-12,1984,12,9.44,16.43,0.17,0.0,5.31,8.35,80.81,4.02,100.24,6.1,0.01
48,1985-1,1985,1,6.86,15.98,-2.85,0.0,6.43,10.14,82.81,4.09,99.27,5.37,0.01
49,1985-2,1985,2,7.21,16.54,-0.31,0.0,8.73,14.12,76.56,4.23,99.95,5.07,0.01
50,1985-3,1985,3,10.71,19.43,2.08,0.0,12.5,19.35,80.0,4.45,99.68,6.41,0.01
51,1985-4,1985,4,14.19,27.48,5.85,0.0,17.42,23.92,72.94,4.34,99.47,7.26,0.01
52,1985-5,1985,5,20.05,30.18,8.36,0.0,21.1,25.8,63.62,2.84,99.45,8.91,0.01
53,1985-6,1985,6,23.82,34.49,15.21,0.0,24.82,27.14,52.69,4.02,99.67,9.28,0.01
54,1985-7,1985,7,27.63,39.46,18.07,0.0,25.02,26.05,44.5,3.83,99.78,9.58,0.01
55,1985-8,1985,8,26.94,36.35,17.77,0.0,21.93,23.35,48.56,4.48,99.63,10.19,0.01
56,1985-9,1985,9,23.3,33.51,15.26,0.0,18.4,19.3,56.19,3.43,100.06,9.52,0.01
57,1985-10,1985,10,17.72,28.68,9.56,5.27,11.54,14.7,70.0,4.12,100.29,8.67,0.01
58,1985-11,1985,11,13.57,23.08,6.86,5.27,7.52,10.64,81.19,4.16,99.55,8.12,0.01
59,1985-12,1985,12,10.42,16.91,4.8,0.0,6.63,8.58,86.31,3.27,100.19,6.96,0.01
60,1986-1,1986,1,8.08,16.3,0.06,0.0,7.04,9.8,80.75,4.42,99.51,5.62,0.01
61,1986-2,1986,2,8.05,17.29,-0.91,5.27,7.28,13.31,82.94,4.21,99.0,5.74,0.01
62,1986-3,1986,3,11.28,21.62,2.79,0.0,11.83,18.51,82.56,3.84,99.85,6.9,0.01
63,1986-4,1986,4,14.36,23.4,5.27,0.0,19.24,22.97,73.81,3.91,99.49,7.51,0.01
64,1986-5,1986,5,20.59,30.25,11.35,0.0,22.57,25.99,66.44,2.94,99.89,9.7,0.01
65,1986-6,1986,6,22.98,33.73,14.64,0.0,23.15,26.11,59.31,4.16,99.52,10.07,0.01
66,1986-7,1986,7,25.53,34.28,17.55,0.0,22.63,25.23,53.88,3.47,99.72,10.5,0.01
67,1986-8,1986,8,27.88,36.4,18.9,0.0,22.15,22.32,50.44,3.66,99.67,11.23,0.01
68,1986-9,1986,9,23.23,32.11,15.74,0.0,16.83,19.13,58.38,3.42,100.0,10.01,0.01
69,1986-10,1986,10,18.27,27.59,9.53,0.0,11.95,14.61,68.12,3.09,100.08,8.67,0.01
70,1986-11,1986,11,12.93,20.82,6.33,0.0,8.43,10.72,78.56,3.0,100.41,7.32,0.01
71,1986-12,1986,12,8.3,16.31,-0.52,0.0,6.5,8.58,75.44,3.83,100.14,5.25,0.01
72,1987-1,1987,1,7.88,18.76,-0.27,0.0,5.97,9.93,77.19,5.2,99.55,5.31,0.01
73,1987-2,1987,2,9.19,16.05,0.48,0.0,7.94,13.62,79.31,4.52,99.58,5.86,0.01
74,1987-3,1987,3,7.24,18.71,-1.81,5.27,12.13,17.98,72.94,4.83,99.59,4.82,0.01
75,1987-4,1987,4,13.58,23.35,5.45,0.0,19.78,23.08,70.31,4.49,99.93,6.71,0.01
76,1987-5,1987,5,16.84,26.67,7.38,0.0,19.87,25.97,65.44,3.59,99.56,7.63,0.01
77,1987-6,1987,6,22.4,35.81,12.23,0.0,24.18,27.27,58.69,3.62,99.82,9.46,0.01
78,1987-7,1987,7,28.4,41.67,19.03,0.0,24.26,24.82,47.56,3.49,99.65,10.62,0.01
79,1987-8,1987,8,26.96,37.84,19.37,0.0,21.87,22.63,51.12,4.19,99.71,10.93,0.01
80,1987-9,1987,9,25.24,34.99,16.24,0.0,17.08,18.94,61.0,2.91,99.96,11.6,0.01
81,1987-10,1987,10,19.01,27.67,12.93,0.0,11.01,14.75,74.06,3.59,100.14,10.13,0.01
82,1987-11,1987,11,13.28,20.63,5.33,5.27,6.73,10.72,80.5,4.93,99.69,7.81,0.01
83,1987-12,1987,12,10.08,18.02,2.7,0.0,5.73,8.58,84.81,3.32,100.2,6.65,0.01
84,1988-1,1988,1,10.1,16.87,3.32,0.0,6.15,9.72,88.38,3.69,99.88,6.96,0.01
85,1988-2,1988,2,8.47,16.12,0.65,0.0,10.49,13.63,76.19,4.52,99.66,5.31,0.01
86,1988-3,1988,3,10.16,20.67,1.8,0.0,13.43,18.81,75.12,5.03,99.34,5.86,0.01
87,1988-4,1988,4,14.08,22.74,3.43,0.0,18.52,23.59,71.69,3.52,99.65,7.14,0.01
88,1988-5,1988,5,19.44,29.26,10.92,0.0,20.85,26.35,67.44,3.86,99.66,9.16,0.01
89,1988-6,1988,6,23.51,33.04,14.12,0.0,24.02,27.07,56.06,3.7,99.52,9.7,0.01
90,1988-7,1988,7,29.64,42.79,20.5,0.0,25.96,26.06,42.5,4.2,99.66,10.31,0.01
91,1988-8,1988,8,28.2,38.71,19.52,0.0,22.77,23.37,46.31,3.77,99.61,10.44,0.01
92,1988-9,1988,9,22.36,36.79,13.32,0.0,15.76,18.82,62.0,3.95,99.92,10.07,0.01
93,1988-10,1988,10,18.33,27.88,8.44,0.0,11.79,14.62,73.5,3.44,100.12,9.58,0.01
94,1988-11,1988,11,10.4,19.12,1.32,0.0,6.66,10.77,73.81,3.74,100.1,5.86,0.01
95,1988-12,1988,12,8.11,17.2,1.5,0.0,6.02,8.61,77.38,4.54,100.01,5.31,0.01
96,1989-1,1989,1,8.04,14.47,2.31,0.0,7.88,9.99,80.81,3.11,101.14,5.37,0.01
97,1989-2,1989,2,9.75,19.08,2.81,0.0,11.29,13.29,76.5,3.93,100.45,5.74,0.01
98,1989-3,1989,3,12.83,23.44,3.96,0.0,15.45,18.74,69.25,4.45,99.78,6.23,0.01
99,1989-4,1989,4,15.23,24.55,7.15,0.0,17.3,23.75,65.81,4.31,99.41,6.9,0.01
100,1989-5,1989,5,17.88,27.83,7.97,0.0,22.58,27.06,62.31,3.97,99.89,7.69,0.01
101,1989-6,1989,6,21.87,31.59,13.73,0.0,24.45,28.34,58.75,3.38,99.66,9.34,0.01
102,1989-7,1989,7,26.45,36.23,19.17,0.0,23.84,26.04,53.94,3.52,99.81,11.11,0.01
103,1989-8,1989,8,25.93,35.58,16.22,0.0,21.78,22.34,53.75,4.06,99.53,10.93,0.01
104,1989-9,1989,9,22.57,29.94,15.77,0.0,16.19,19.11,61.88,3.05,99.8,10.31,0.01
105,1989-10,1989,10,15.72,22.69,8.94,0.0,11.45,14.81,73.69,4.03,100.15,8.12,0.01
106,1989-11,1989,11,11.68,21.62,1.69,0.0,8.03,10.91,77.38,3.9,99.94,6.84,0.01
107,1989-12,1989,12,9.23,20.77,1.06,0.0,6.56,8.73,80.44,3.24,100.13,6.16,0.01
108,1990-1,1990,1,8.08,16.63,1.14,0.0,7.65,9.9,80.19,3.06,100.73,5.43,0.01
109,1990-2,1990,2,10.47,20.44,2.59,0.0,12.59,13.68,75.5,3.95,100.14,5.86,0.01
110,1990-3,1990,3,12.55,23.82,3.16,0.0,15.55,19.04,68.81,3.65,100.63,6.04,0.01
111,1990-4,1990,4,14.44,23.87,6.31,0.0,17.85,24.68,67.69,4.64,99.52,6.84,0.01
112,1990-5,1990,5,19.69,29.7,9.83,0.0,21.76,26.79,58.5,3.61,99.94,8.06,0.01
113,1990-6,1990,6,24.13,34.73,12.92,0.0,25.02,27.86,49.81,3.9,99.7,8.85,0.01
114,1990-7,1990,7,27.33,37.48,19.59,0.0,25.69,26.55,44.75,3.92,99.68,9.52,0.01
115,1990-8,1990,8,26.41,34.54,18.37,0.0,22.19,23.57,48.12,3.29,99.86,9.89,0.01
116,1990-9,1990,9,22.65,32.7,14.25,0.0,16.84,19.22,58.31,3.71,99.82,9.83,0.01
117,1990-10,1990,10,19.43,28.56,9.82,0.0,10.98,14.7,72.69,3.48,99.9,10.19,0.01
118,1990-11,1990,11,13.95,26.18,6.03,0.0,7.41,10.74,78.62,4.34,99.69,8.0,0.01
119,1990-12,1990,12,7.96,15.46,1.26,5.27,5.32,8.72,83.38,4.41,99.7,5.62,0.01
120,1991-1,1991,1,7.3,15.24,-0.28,0.0,7.45,9.91,81.56,3.37,100.5,5.31,0.01
121,1991-2,1991,2,7.37,17.28,-2.02,0.0,9.21,13.66,81.56,4.23,99.89,5.43,0.01
122,1991-3,1991,3,12.23,20.8,5.83,0.0,12.67,18.54,81.25,3.57,99.71,7.2,0.01
123,1991-4,1991,4,12.16,19.92,4.95,0.0,17.95,23.64,74.56,4.71,99.53,6.53,0.01
124,1991-5,1991,5,15.32,25.4,8.54,0.0,22.32,26.49,66.19,4.87,99.66,7.02,0.01
125,1991-6,1991,6,23.03,34.12,13.23,0.0,26.39,28.2,55.25,4.0,99.67,9.22,0.01
126,1991-7,1991,7,26.21,35.76,17.14,0.0,24.58,27.15,51.0,4.19,99.55,10.38,0.01
127,1991-8,1991,8,26.39,36.62,19.05,0.0,22.87,23.26,50.12,4.04,99.76,10.31,0.01
128,1991-9,1991,9,23.03,30.39,15.82,0.0,16.93,19.24,65.81,2.99,100.0,11.29,0.01
129,1991-10,1991,10,17.25,29.78,8.35,0.0,11.21,14.85,73.69,4.01,99.94,9.28,0.01
130,1991-11,1991,11,12.97,22.05,6.15,0.0,7.82,10.87,78.69,4.47,99.94,7.39,0.01
131,1991-12,1991,12,5.62,13.5,-1.06,0.0,6.56,8.78,73.12,5.31,100.34,4.21,0.01
132,1992-1,1992,1,7.24,14.37,0.44,0.0,7.95,10.04,81.81,3.77,100.86,5.25,0.01
133,1992-2,1992,2,7.37,15.4,-1.6,0.0,11.07,13.53,73.44,4.29,100.52,4.76,0.01
134,1992-3,1992,3,10.54,19.17,3.35,0.0,14.27,18.76,71.44,4.69,99.96,5.68,0.01
135,1992-4,1992,4,14.48,25.74,5.95,0.0,17.23,23.46,72.56,4.56,99.42,7.32,0.01
136,1992-5,1992,5,18.82,28.45,10.95,0.0,20.99,26.51,63.94,3.36,99.82,8.3,0.01
137,1992-6,1992,6,22.15,31.93,13.52,0.0,22.51,26.8,61.31,3.83,99.47,9.89,0.01
138,1992-7,1992,7,25.37,34.22,16.9,0.0,24.95,27.06,55.81,4.37,99.76,10.68,0.01
139,1992-8,1992,8,28.79,36.9,20.87,0.0,22.92,23.1,50.62,3.28,99.73,11.84,0.01
140,1992-9,1992,9,23.14,33.53,15.91,0.0,18.92,20.29,59.75,3.67,100.1,10.13,0.01
141,1992-10,1992,10,18.69,26.55,10.07,0.0,9.09,14.78,77.81,4.6,99.47,10.56,0.01
142,1992-11,1992,11,13.94,22.74,6.3,0.0,8.4,10.62,80.31,3.88,100.1,8.18,0.01
143,1992-12,1992,12,9.1,18.59,2.88,5.27,6.17,8.75,80.94,3.99,100.13,5.92,0.01
144,1993-1,1993,1,7.26,14.37,-0.88,0.0,8.15,10.09,83.31,3.8,100.74,5.31,0.01
145,1993-2,1993,2,6.36,15.17,-2.71,0.0,10.18,13.73,77.0,4.41,100.4,4.58,0.01
146,1993-3,1993,3,9.38,21.85,1.49,0.0,14.18,19.05,73.75,4.45,99.88,5.49,0.01
147,1993-4,1993,4,13.9,22.9,2.64,0.0,20.15,23.93,71.62,3.28,99.59,6.96,0.01
148,1993-5,1993,5,19.39,31.4,10.58,0.0,23.0,26.81,68.44,3.09,99.57,9.28,0.01
149,1993-6,1993,6,23.89,32.42,15.71,0.0,26.67,28.39,57.19,3.93,99.72,10.13,0.01
150,1993-7,1993,7,26.9,37.18,17.33,0.0,26.22,27.51,45.44,3.78,99.8,9.52,0.01
151,1993-8,1993,8,28.45,38.28,17.05,0.0,23.08,24.25,46.25,3.48,99.75,10.5,0.01
152,1993-9,1993,9,22.99,31.68,14.57,0.0,17.67,19.32,60.88,3.77,99.76,10.5,0.01
153,1993-10,1993,10,19.18,28.62,11.43,0.0,11.31,14.8,78.06,4.2,99.96,10.8,0.01
154,1993-11,1993,11,12.84,21.62,4.95,5.27,6.52,10.8,81.94,5.06,99.91,7.81,0.01
155,1993-12,1993,12,10.84,18.16,2.58,0.0,6.37,8.7,85.19,4.14,99.87,7.02,0.01
156,1994-1,1994,1,9.26,15.95,1.68,0.0,7.02,9.96,85.56,4.79,99.73,6.41,0.01
157,1994-2,1994,2,8.94,15.44,0.62,5.27,8.63,13.59,87.38,4.88,99.66,6.35,0.01
158,1994-3,1994,3,12.05,20.48,4.55,0.0,17.36,18.52,79.0,3.36,100.2,6.9,0.01
159,1994-4,1994,4,13.7,21.96,5.55,0.0,17.39,23.67,75.88,4.83,99.3,7.39,0.01
160,1994-5,1994,5,19.55,32.46,10.23,0.0,24.08,27.01,64.56,3.93,99.64,8.73,0.01
161,1994-6,1994,6,23.64,35.23,14.12,0.0,25.95,28.36,56.25,4.16,99.84,9.77,0.01
162,1994-7,1994,7,27.73,36.92,20.65,0.0,25.64,26.42,52.69,4.6,99.56,11.66,0.01
163,1994-8,1994,8,29.44,40.83,20.6,0.0,23.33,23.92,47.44,3.59,99.63,11.54,0.01
164,1994-9,1994,9,25.26,37.05,15.08,0.0,18.2,19.73,57.5,3.37,99.82,11.11,0.01
165,1994-10,1994,10,18.4,30.54,11.87,0.0,11.99,14.68,72.06,4.06,99.89,9.46,0.01
166,1994-11,1994,11,13.62,22.12,6.48,0.0,8.59,10.76,77.25,3.83,100.19,7.57,0.01
167,1994-12,1994,12,9.76,18.61,1.51,0.0,7.28,8.74,80.19,3.78,100.33,6.16,0.01
168,1995-1,1995,1,7.59,17.8,-0.12,0.0,6.82,9.89,81.12,4.61,99.75,5.43,0.01
169,1995-2,1995,2,10.23,19.31,3.5,0.0,11.42,13.71,79.0,4.07,100.03,6.16,0.01
170,1995-3,1995,3,9.72,20.48,1.48,0.0,13.5,19.08,72.94,5.27,99.55,5.49,0.01
171,1995-4,1995,4,13.15,25.3,3.65,0.0,19.98,23.77,66.0,4.34,99.74,6.1,0.01
172,1995-5,1995,5,18.44,31.12,8.34,0.0,22.48,26.44,63.38,4.23,99.71,8.12,0.01
173,1995-6,1995,6,23.78,32.41,14.93,0.0,26.47,28.47,53.88,3.71,99.59,9.46,0.01
174,1995-7,1995,7,27.66,35.9,19.23,0.0,25.88,27.48,50.69,3.91,99.54,11.17,0.01
175,1995-8,1995,8,24.66,34.83,14.39,5.27,20.76,24.33,64.62,3.7,99.52,12.21,0.01
176,1995-9,1995,9,20.83,30.07,12.27,0.0,15.16,20.05,70.0,3.53,99.67,10.68,0.01
177,1995-10,1995,10,17.44,25.9,9.23,0.0,13.98,14.98,74.69,3.05,100.45,9.16,0.01
178,1995-11,1995,11,10.99,20.53,1.09,0.0,7.53,10.94,77.75,5.17,99.88,6.65,0.01
179,1995-12,1995,12,11.24,19.3,4.01,0.0,5.1,8.78,87.25,5.03,99.81,7.39,0.01
180,1996-1,1996,1,8.85,15.13,0.8,0.0,6.48,9.98,83.25,4.91,99.79,6.1,0.01
181,1996-2,1996,2,7.26,15.13,-1.13,5.27,8.4,13.95,81.44,4.43,99.33,5.25,0.01
182,1996-3,1996,3,8.73,17.15,-0.35,5.27,12.48,19.01,80.44,3.77,99.52,5.8,0.01
183,1996-4,1996,4,13.06,22.64,4.75,0.0,18.0,23.66,76.0,4.07,99.68,7.08,0.01
184,1996-5,1996,5,18.5,26.56,10.1,0.0,21.81,26.94,71.75,3.91,99.54,9.34,0.01
185,1996-6,1996,6,23.31,33.23,14.55,0.0,25.98,28.1,60.44,3.65,99.95,10.38,0.01
186,1996-7,1996,7,25.77,36.71,16.55,0.0,26.11,26.62,51.0,4.39,99.76,10.07,0.01
187,1996-8,1996,8,26.4,35.7,18.73,0.0,21.85,23.55,57.31,4.13,99.63,11.9,0.01
188,1996-9,1996,9,19.58,27.46,12.35,5.27,15.33,19.59,68.44,4.64,99.44,9.77,0.01
189,1996-10,1996,10,15.87,23.06,6.23,0.0,10.77,14.88,79.19,4.45,99.94,9.09,0.01
190,1996-11,1996,11,13.32,21.12,4.0,0.0,7.14,10.66,83.38,4.86,99.86,8.18,0.01
191,1996-12,1996,12,9.86,17.44,1.26,0.0,4.81,8.68,87.06,4.11,99.49,6.84,0.01
192,1997-1,1997,1,9.23,15.73,0.83,0.0,7.3,9.93,87.5,3.8,100.29,6.47,0.01
193,1997-2,1997,2,8.52,18.27,-0.1,0.0,11.68,13.67,78.12,4.2,100.54,5.43,0.01
194,1997-3,1997,3,10.08,21.43,3.76,0.0,16.28,19.06,72.0,5.27,100.1,5.49,0.01
195,1997-4,1997,4,10.73,20.58,2.69,0.0,19.08,24.41,65.94,4.86,99.67,5.37,0.01
196,1997-5,1997,5,19.74,32.74,9.56,0.0,25.87,27.13,57.94,3.88,99.83,7.93,0.01
197,1997-6,1997,6,24.97,36.74,13.16,0.0,25.61,27.54,55.69,4.41,99.48,10.44,0.01
198,1997-7,1997,7,26.59,36.94,17.66,0.0,26.56,27.64,48.81,4.83,99.67,10.07,0.01
199,1997-8,1997,8,25.25,34.18,17.94,0.0,22.11,24.23,56.81,3.83,99.77,10.93,0.01
200,1997-9,1997,9,22.82,33.06,14.03,0.0,17.58,19.51,62.88,3.48,100.05,10.5,0.01
201,1997-10,1997,10,16.62,28.15,8.33,5.27,10.98,15.14,72.56,4.62,99.71,8.73,0.01
202,1997-11,1997,11,13.46,20.83,4.46,5.27,5.77,10.81,85.81,4.79,99.5,8.42,0.01
203,1997-12,1997,12,9.6,16.31,2.53,0.0,5.67,8.8,83.69,4.52,99.63,6.35,0.01
204,1998-1,1998,1,8.68,16.69,1.17,0.0,7.02,10.03,87.75,3.09,100.05,6.29,0.01
205,1998-2,1998,2,9.72,17.12,2.26,0.0,11.42,13.76,83.06,4.41,100.46,6.29,0.01
206,1998-3,1998,3,8.55,17.7,0.4,0.0,15.73,19.07,70.94,5.41,100.05,5.0,0.01
207,1998-4,1998,4,14.23,22.35,6.47,0.0,18.09,23.98,74.75,4.52,99.48,7.51,0.01
208,1998-5,1998,5,18.19,28.58,10.59,0.0,22.75,27.49,70.5,4.23,99.54,8.91,0.01
209,1998-6,1998,6,25.4,37.93,14.54,0.0,27.16,28.26,54.06,3.0,99.87,10.38,0.01
210,1998-7,1998,7,28.47,41.48,17.73,0.0,27.52,28.16,45.44,4.17,99.47,10.25,0.01
211,1998-8,1998,8,28.74,38.09,17.83,0.0,22.72,24.01,50.69,3.02,99.61,11.9,0.01
212,1998-9,1998,9,22.52,31.32,14.3,0.0,17.58,20.05,64.25,4.49,99.55,10.86,0.01
213,1998-10,1998,10,18.01,26.45,9.41,0.0,10.78,14.87,76.31,4.21,99.91,9.89,0.01
214,1998-11,1998,11,12.01,22.69,3.52,5.27,6.14,10.92,79.62,3.96,99.62,7.14,0.01
215,1998-12,1998,12,7.61,17.15,0.41,0.0,5.84,8.71,79.19,4.09,100.22,5.31,0.01
216,1999-1,1999,1,8.33,16.37,0.96,0.0,6.83,9.93,83.5,4.19,99.88,5.8,0.01
217,1999-2,1999,2,7.01,15.67,-0.04,0.0,10.64,13.88,77.56,4.16,99.58,4.88,0.01
218,1999-3,1999,3,10.81,18.87,3.66,0.0,15.2,18.86,78.56,4.24,99.57,6.35,0.01
219,1999-4,1999,4,14.0,26.23,6.35,0.0,17.95,23.88,74.12,4.13,99.7,7.26,0.01
220,1999-5,1999,5,19.95,31.02,12.07,0.0,21.77,27.32,67.06,3.37,99.84,9.34,0.01
221,1999-6,1999,6,24.4,34.84,15.07,0.0,25.41,28.46,56.5,4.16,99.73,10.38,0.01
222,1999-7,1999,7,26.29,35.83,19.59,0.0,25.65,28.19,53.69,3.84,99.47,10.93,0.01
223,1999-8,1999,8,27.9,40.62,18.26,0.0,22.85,23.99,53.25,3.17,99.53,11.78,0.01
224,1999-9,1999,9,22.78,32.15,16.21,0.0,17.23,20.01,69.81,3.35,99.65,11.84,0.01
225,1999-10,1999,10,18.9,29.03,12.26,0.0,12.71,14.96,74.06,3.73,100.04,10.01,0.01
226,1999-11,1999,11,13.3,22.47,5.36,0.0,7.04,10.78,78.62,3.94,100.03,7.63,0.01
227,1999-12,1999,12,10.24,18.59,1.54,0.0,5.49,8.68,81.69,4.8,99.73,6.53,0.01
228,2000-1,2000,1,6.5,16.02,-0.53,0.0,7.81,10.02,74.62,4.18,100.32,4.52,0.01
229,2000-2,2000,2,8.39,16.25,1.26,0.0,10.27,13.93,77.25,4.34,100.32,5.37,0.01
230,2000-3,2000,3,10.38,20.01,1.15,0.0,15.78,19.2,71.19,4.25,100.13,5.62,0.01
231,2000-4,2000,4,15.36,27.17,6.52,0.0,19.11,24.01,70.5,4.6,99.29,7.51,0.01
232,2000-5,2000,5,20.89,28.73,11.53,0.0,23.93,27.16,64.62,3.09,99.84,9.58,0.01
233,2000-6,2000,6,25.09,34.89,16.61,0.0,26.83,29.28,50.75,4.02,99.94,9.64,0.01
234,2000-7,2000,7,27.06,42.01,17.26,0.0,26.75,28.36,44.5,4.62,99.5,9.28,0.01
235,2000-8,2000,8,28.06,40.55,19.73,0.0,23.93,24.36,46.0,3.87,99.79,10.07,0.01
236,2000-9,2000,9,22.6,33.66,15.44,0.0,15.62,19.45,60.75,4.57,99.71,10.19,0.01
237,2000-10,2000,10,17.94,26.27,10.26,5.27,10.75,14.87,82.44,3.73,99.97,10.62,0.01
238,2000-11,2000,11,15.03,22.81,7.16,5.27,8.66,10.63,80.69,4.41,99.85,8.73,0.01
239,2000-12,2000,12,10.73,18.33,2.16,0.0,6.34,8.67,85.69,4.01,99.89,7.08,0.01
240,2001-1,2001,1,10.29,16.46,3.89,5.27,6.8,9.6,86.0,4.52,99.87,6.84,0.01
241,2001-2,2001,2,8.92,16.92,0.3,0.0,11.13,13.9,79.75,4.47,99.87,5.8,0.01
242,2001-3,2001,3,13.85,25.79,5.38,0.0,14.72,18.98,79.25,4.1,99.44,7.75,0.01
243,2001-4,2001,4,13.35,25.86,5.36,0.0,18.14,24.18,73.19,4.38,99.38,7.02,0.01
244,2001-5,2001,5,19.5,32.33,10.89,0.0,22.15,26.96,68.88,3.84,99.61,9.4,0.01
245,2001-6,2001,6,22.8,33.45,12.48,0.0,27.14,29.6,55.38,4.68,99.67,9.16,0.01
246,2001-7,2001,7,27.55,36.37,17.44,0.0,26.56,28.4,46.75,4.31,99.59,10.19,0.01
247,2001-8,2001,8,28.05,39.6,20.21,0.0,23.2,24.57,49.62,3.64,99.64,11.05,0.01
248,2001-9,2001,9,22.13,31.34,14.3,0.0,18.2,20.72,59.31,4.23,99.59,9.7,0.01
249,2001-10,2001,10,19.8,29.47,11.02,0.0,13.02,14.76,72.56,3.02,100.28,10.19,0.01
250,2001-11,2001,11,13.05,22.61,4.09,0.0,8.15,10.57,73.81,5.34,99.87,7.2,0.01
251,2001-12,2001,12,6.65,15.83,-1.09,0.0,5.56,8.58,76.81,4.66,99.85,4.76,0.01
252,2002-1,2002,1,6.97,16.35,-1.12,0.0,7.5,9.88,80.31,3.98,100.71,5.13,0.01
253,2002-2,2002,2,11.15,20.57,4.23,0.0,10.47,13.59,78.94,4.41,100.07,6.47,0.01
254,2002-3,2002,3,12.74,24.53,6.22,0.0,12.93,18.53,72.5,4.92,99.74,6.71,0.01
255,2002-4,2002,4,14.54,23.6,5.89,0.0,18.01,23.17,72.94,4.06,99.48,7.39,0.01
256,2002-5,2002,5,19.12,27.48,11.41,0.0,22.33,27.29,68.69,4.27,99.66,9.16,0.01
257,2002-6,2002,6,24.94,36.13,14.83,0.0,25.58,28.9,56.69,4.13,99.76,10.68,0.01
258,2002-7,2002,7,27.21,37.01,19.56,0.0,23.71,27.5,56.25,4.13,99.42,12.15,0.01
259,2002-8,2002,8,25.61,35.62,19.26,0.0,21.91,24.78,63.19,3.36,99.5,12.63,0.01
260,2002-9,2002,9,20.66,27.54,10.69,5.27,15.68,20.05,72.69,2.91,99.62,11.05,0.01
261,2002-10,2002,10,17.3,26.16,10.35,0.0,12.2,15.27,75.81,3.73,99.86,9.34,0.01
262,2002-11,2002,11,14.77,21.77,5.69,0.0,7.65,10.51,82.25,4.97,99.72,8.79,0.01
263,2002-12,2002,12,10.48,15.94,2.19,5.27,4.85,8.32,87.12,3.88,99.67,7.02,0.01
264,2003-1,2003,1,9.57,18.62,1.44,5.27,6.96,9.74,84.19,4.8,99.45,6.35,0.01
265,2003-2,2003,2,5.62,12.67,0.48,0.0,9.03,13.71,76.31,4.22,99.87,4.33,0.01
266,2003-3,2003,3,9.53,20.87,2.68,0.0,16.09,18.95,76.19,4.23,100.18,5.68,0.01
267,2003-4,2003,4,13.09,24.72,1.88,0.0,18.5,24.02,75.19,4.53,99.69,7.08,0.01
268,2003-5,2003,5,21.05,30.81,12.98,0.0,23.67,27.63,63.0,3.41,99.79,9.4,0.01
269,2003-6,2003,6,26.79,35.83,17.01,0.0,26.72,28.83,58.31,3.2,99.68,12.21,0.01
270,2003-7,2003,7,28.98,40.48,20.61,0.0,26.41,28.33,45.75,4.2,99.59,10.93,0.01
271,2003-8,2003,8,28.96,39.59,21.06,0.0,22.08,24.29,50.12,3.61,99.7,11.78,0.01
272,2003-9,2003,9,21.65,33.44,14.88,5.27,17.86,20.44,67.31,3.81,99.98,10.62,0.01
273,2003-10,2003,10,17.78,28.64,9.95,5.27,10.59,14.9,74.88,4.44,99.65,9.58,0.01
274,2003-11,2003,11,14.21,22.52,8.35,0.0,7.5,10.37,83.75,4.47,100.16,8.61,0.01
275,2003-12,2003,12,9.73,17.3,2.37,5.27,5.52,8.37,83.75,5.03,99.9,6.47,0.01
276,2004-1,2004,1,7.35,18.37,-1.07,0.0,6.92,9.93,80.88,4.95,99.26,5.37,0.01
277,2004-2,2004,2,8.53,17.57,-2.29,0.0,10.07,13.59,80.81,5.13,100.1,5.8,0.01
278,2004-3,2004,3,10.41,20.15,1.51,0.0,13.39,18.68,80.81,4.53,100.15,6.41,0.01
279,2004-4,2004,4,14.16,22.37,7.94,0.0,17.14,23.65,80.94,4.16,99.49,8.12,0.01
280,2004-5,2004,5,16.8,25.68,8.87,0.0,23.29,28.23,69.31,4.03,99.59,8.12,0.01
281,2004-6,2004,6,22.95,33.03,14.5,0.0,25.05,29.41,66.62,3.07,99.73,11.17,0.01
282,2004-7,2004,7,26.76,37.4,18.76,0.0,26.4,28.43,52.75,3.84,99.65,11.05,0.01
283,2004-8,2004,8,26.64,37.22,18.98,0.0,24.0,25.18,55.12,3.45,99.62,11.6,0.01
284,2004-9,2004,9,23.0,32.8,14.12,0.0,17.72,20.35,62.0,3.13,99.96,10.62,0.01
285,2004-10,2004,10,20.61,29.57,14.76,0.0,12.85,14.88,73.56,3.21,99.93,10.86,0.01
286,2004-11,2004,11,13.23,22.95,1.94,5.27,7.21,10.23,80.5,4.38,99.86,8.12,0.01
287,2004-12,2004,12,11.43,18.37,2.52,5.27,5.57,8.05,86.19,4.8,99.98,7.45,0.01
288,2005-1,2005,1,7.35,14.73,0.75,0.0,7.08,9.83,81.12,4.44,99.95,5.25,0.01
289,2005-2,2005,2,6.55,16.08,0.16,0.0,9.76,13.73,78.62,4.44,99.47,4.88,0.01
290,2005-3,2005,3,10.4,20.69,-0.87,0.0,14.58,18.84,79.31,3.84,99.81,6.41,0.01
291,2005-4,2005,4,13.53,25.03,4.54,0.0,20.04,24.47,71.88,4.39,99.74,6.9,0.01
292,2005-5,2005,5,19.65,30.29,10.26,0.0,23.57,27.74,65.88,3.95,99.7,9.09,0.01
293,2005-6,2005,6,23.36,35.79,12.76,0.0,25.54,29.04,59.19,3.7,99.8,10.25,0.01
294,2005-7,2005,7,27.48,38.64,18.17,0.0,26.66,28.39,51.25,3.97,99.53,11.11,0.01
295,2005-8,2005,8,25.9,37.96,18.44,0.0,21.35,24.81,54.94,3.87,99.58,11.11,0.01
296,2005-9,2005,9,21.97,29.95,15.0,5.27,15.62,19.82,75.5,3.14,99.86,12.27,0.01
297,2005-10,2005,10,16.86,23.63,8.14,5.27,11.39,14.77,82.5,3.88,100.3,9.95,0.01
298,2005-11,2005,11,12.79,20.25,2.4,5.27,7.57,10.37,82.94,3.73,99.94,7.87,0.01
299,2005-12,2005,12,8.86,16.5,0.45,5.27,5.79,8.56,82.56,4.4,99.79,6.04,0.01
300,2006-1,2006,1,7.13,14.29,0.88,0.0,7.02,9.68,82.0,3.92,100.28,5.25,0.01
301,2006-2,2006,2,7.98,16.68,0.74,5.27,9.18,13.46,82.62,4.52,99.45,5.74,0.01
302,2006-3,2006,3,10.19,20.24,0.19,0.0,13.47,18.82,80.94,4.44,99.3,6.35,0.01
303,2006-4,2006,4,14.57,24.01,5.7,0.0,17.35,23.56,76.69,3.99,99.52,7.87,0.01
304,2006-5,2006,5,18.84,29.37,9.97,0.0,25.2,28.14,69.88,3.36,99.87,9.28,0.01
305,2006-6,2006,6,23.16,38.46,11.4,0.0,25.57,29.23,60.0,3.15,99.93,10.13,0.01
306,2006-7,2006,7,25.93,35.13,18.7,0.0,25.56,27.89,61.38,4.21,99.79,12.33,0.01
307,2006-8,2006,8,25.88,39.76,16.19,0.0,22.29,25.38,57.62,3.48,99.35,11.6,0.01
308,2006-9,2006,9,22.69,33.21,15.11,5.27,17.64,20.3,65.56,3.91,99.76,10.93,0.01
309,2006-10,2006,10,18.39,27.55,9.31,0.0,12.96,15.09,76.06,3.74,99.92,10.13,0.01
310,2006-11,2006,11,12.33,21.12,4.37,0.0,9.6,10.98,76.31,3.48,100.32,6.9,0.01
311,2006-12,2006,12,10.37,18.51,2.83,0.0,6.34,8.37,83.81,3.41,100.76,6.65,0.01
312,2007-1,2007,1,9.5,18.6,1.28,0.0,8.32,9.9,80.94,3.55,100.42,6.1,0.01
313,2007-2,2007,2,10.32,17.12,2.23,0.0,9.95,13.46,80.62,4.87,99.61,6.41,0.01
314,2007-3,2007,3,11.91,19.9,5.05,5.27,13.66,18.42,79.62,4.39,99.58,6.84,0.01
315,2007-4,2007,4,15.14,25.27,6.89,0.0,20.52,24.14,74.56,2.99,99.96,7.75,0.01
316,2007-5,2007,5,19.93,29.21,11.65,0.0,22.98,27.45,67.69,3.95,99.38,9.58,0.01
317,2007-6,2007,6,25.23,40.99,16.51,0.0,25.74,29.19,59.56,2.67,99.52,11.23,0.01
318,2007-7,2007,7,29.04,42.58,18.9,0.0,27.9,28.59,39.31,3.64,99.56,9.09,0.01
319,2007-8,2007,8,28.2,40.41,20.01,0.0,23.76,24.79,47.0,4.33,99.47,10.74,0.01
320,2007-9,2007,9,21.34,31.76,13.28,5.27,18.46,20.83,60.56,4.75,99.86,9.4,0.01
321,2007-10,2007,10,16.91,29.01,8.83,5.27,10.71,14.85,76.62,3.81,99.91,9.28,0.01
322,2007-11,2007,11,11.92,21.07,4.76,0.0,7.88,10.66,79.31,4.52,99.78,7.02,0.01
323,2007-12,2007,12,8.46,16.05,0.08,0.0,5.94,8.52,83.06,3.62,100.18,5.8,0.01
324,2008-1,2008,1,9.0,16.25,1.48,0.0,7.8,9.79,84.62,4.27,100.46,6.16,0.01
325,2008-2,2008,2,8.57,19.94,-0.73,0.0,11.47,13.84,79.06,4.16,100.75,5.55,0.01
326,2008-3,2008,3,11.69,20.8,4.35,0.0,15.09,19.33,80.0,4.63,99.07,6.9,0.01
327,2008-4,2008,4,14.21,25.34,6.8,0.0,18.67,23.94,75.31,4.23,99.4,7.57,0.01
328,2008-5,2008,5,19.22,31.92,10.72,0.0,23.75,27.75,65.81,3.61,99.7,8.79,0.01
329,2008-6,2008,6,24.45,35.64,15.33,0.0,26.28,29.5,58.56,3.75,99.64,10.68,0.01
330,2008-7,2008,7,28.19,38.05,18.37,0.0,27.15,28.47,47.5,4.38,99.54,10.86,0.01
331,2008-8,2008,8,28.51,38.54,20.15,0.0,24.62,25.36,46.75,3.76,99.51,10.74,0.01
332,2008-9,2008,9,22.18,37.86,11.71,0.0,16.1,19.89,60.44,3.69,99.66,9.83,0.01
333,2008-10,2008,10,18.11,24.81,9.73,0.0,13.24,14.59,76.5,3.33,100.16,9.83,0.01
334,2008-11,2008,11,14.24,24.84,3.18,5.27,7.82,10.4,80.81,4.5,99.84,8.42,0.01
335,2008-12,2008,12,9.86,17.69,4.19,5.27,5.69,8.32,82.19,5.37,99.9,6.35,0.01
336,2009-1,2009,1,9.4,15.5,3.05,5.27,5.84,9.36,88.31,4.31,99.45,6.65,0.01
337,2009-2,2009,2,7.23,15.97,-0.09,0.0,9.33,13.65,79.5,5.3,99.32,5.31,0.01
338,2009-3,2009,3,9.94,19.44,3.64,5.27,13.94,18.86,79.0,5.32,99.37,6.16,0.01
339,2009-4,2009,4,14.41,21.82,8.01,5.27,16.92,23.54,80.56,3.96,99.56,8.18,0.01
340,2009-5,2009,5,20.09,32.59,9.33,0.0,25.03,27.58,67.62,3.48,99.91,9.64,0.01
341,2009-6,2009,6,22.94,34.35,15.02,5.27,25.55,29.61,64.12,3.66,99.56,10.8,0.01
342,2009-7,2009,7,26.43,40.06,17.4,0.0,27.6,28.73,55.81,3.69,99.68,11.41,0.01
343,2009-8,2009,8,28.21,36.07,20.98,0.0,23.37,24.63,52.94,3.45,99.71,12.08,0.01
344,2009-9,2009,9,23.51,34.4,16.13,0.0,16.45,19.81,64.69,3.52,99.83,11.35,0.01
345,2009-10,2009,10,16.94,27.29,6.87,5.27,11.74,14.89,74.25,4.54,99.63,9.16,0.01
346,2009-11,2009,11,12.84,21.26,6.01,0.0,7.79,10.71,83.69,3.45,99.82,7.87,0.01
347,2009-12,2009,12,10.64,17.87,-1.11,0.0,5.19,8.31,84.44,5.05,99.09,7.02,0.01
348,2010-1,2010,1,8.22,16.4,0.98,0.0,5.95,9.65,81.88,4.88,99.38,5.74,0.01
349,2010-2,2010,2,9.01,16.74,0.48,5.27,9.34,13.66,83.31,5.02,98.92,6.16,0.01
350,2010-3,2010,3,10.59,19.89,1.87,5.27,14.18,18.89,78.56,4.13,99.87,6.35,0.01
351,2010-4,2010,4,14.32,22.83,6.98,0.0,19.34,23.87,76.19,4.15,99.85,7.63,0.01
352,2010-5,2010,5,18.14,27.64,10.3,0.0,22.02,27.7,70.88,4.09,99.44,9.03,0.01
353,2010-6,2010,6,23.05,34.47,13.8,0.0,25.42,29.01,60.81,3.89,99.41,10.31,0.01
354,2010-7,2010,7,26.96,36.83,18.36,0.0,25.99,28.27,53.5,3.69,99.59,11.47,0.01
355,2010-8,2010,8,27.84,37.08,20.05,0.0,24.55,25.68,49.5,3.93,99.52,10.99,0.01
356,2010-9,2010,9,21.88,31.15,14.4,5.27,16.11,20.39,65.75,3.8,99.63,10.56,0.01
357,2010-10,2010,10,16.94,24.77,9.92,5.27,11.12,14.97,77.81,3.74,99.57,9.46,0.01
358,2010-11,2010,11,14.15,21.23,5.51,0.0,7.46,10.51,85.12,4.66,99.36,8.79,0.01
359,2010-12,2010,12,9.01,19.87,-2.38,0.0,6.2,8.61,81.12,4.69,99.46,6.23,0.01
360,2011-1,2011,1,8.05,15.71,0.55,0.0,6.75,9.68,87.19,3.16,99.97,5.98,0.01
361,2011-2,2011,2,8.63,17.3,2.44,0.0,10.28,13.59,82.38,4.34,99.68,5.8,0.01
362,2011-3,2011,3,10.55,18.32,0.98,5.27,14.39,18.83,80.25,5.09,100.19,6.47,0.01
363,2011-4,2011,4,14.51,25.12,7.04,0.0,19.86,23.98,72.44,4.15,99.68,7.32,0.01
364,2011-5,2011,5,18.35,28.9,7.41,0.0,23.38,27.47,69.06,3.7,99.78,8.91,0.01
365,2011-6,2011,6,23.76,35.21,16.47,0.0,26.56,29.3,61.0,3.92,99.65,10.74,0.01
366,2011-7,2011,7,27.1,38.01,18.47,0.0,26.33,28.58,51.06,3.05,99.38,10.86,0.01
367,2011-8,2011,8,28.41,37.76,18.83,0.0,24.76,25.41,47.5,3.54,99.6,10.86,0.01
368,2011-9,2011,9,25.58,35.87,17.5,0.0,18.11,20.03,58.81,3.19,99.75,11.47,0.01
369,2011-10,2011,10,17.37,27.76,8.48,0.0,12.56,15.17,70.0,4.25,100.09,8.61,0.01
370,2011-11,2011,11,13.56,21.23,6.51,0.0,8.0,10.28,77.44,3.39,100.41,7.51,0.01
371,2011-12,2011,12,10.19,18.08,1.48,0.0,6.94,8.59,77.56,3.99,100.01,6.1,0.01
372,2012-1,2012,1,7.21,15.48,-0.24,0.0,7.57,9.93,73.88,4.59,100.03,4.76,0.01
373,2012-2,2012,2,7.28,18.65,0.9,5.27,8.48,13.62,80.25,5.44,99.7,5.19,0.01
374,2012-3,2012,3,12.01,21.83,4.99,0.0,16.58,18.96,74.56,3.96,100.34,6.41,0.01
375,2012-4,2012,4,14.48,27.19,4.8,0.0,18.78,24.59,74.12,4.66,99.11,7.57,0.01
376,2012-5,2012,5,18.55,28.98,9.63,0.0,23.88,28.18,63.38,4.16,99.61,8.18,0.01
377,2012-6,2012,6,25.9,36.4,16.23,0.0,28.86,29.95,50.5,3.7,99.67,9.83,0.01
378,2012-7,2012,7,29.52,39.3,20.3,0.0,26.93,28.4,45.44,4.28,99.49,10.99,0.01
379,2012-8,2012,8,29.04,40.23,19.08,0.0,24.52,25.18,47.06,3.59,99.69,11.05,0.01
380,2012-9,2012,9,24.07,34.05,13.44,0.0,17.86,20.27,61.44,3.46,99.7,11.23,0.01
381,2012-10,2012,10,19.62,29.9,7.46,0.0,12.92,15.11,71.31,3.81,99.65,10.07,0.01
382,2012-11,2012,11,15.63,23.75,8.09,5.27,7.42,10.36,80.69,4.07,99.8,8.97,0.01
383,2012-12,2012,12,8.93,16.41,1.32,0.0,6.29,8.6,80.44,4.86,99.61,5.92,0.01
384,2013-1,2013,1,8.84,16.27,1.76,0.0,6.86,9.76,82.19,4.91,99.45,5.92,0.01
385,2013-2,2013,2,8.08,16.15,-1.75,5.27,9.36,13.65,82.69,4.32,99.27,5.68,0.01
386,2013-3,2013,3,11.29,19.87,0.19,0.0,14.09,19.06,80.62,5.45,99.06,6.9,0.01
387,2013-4,2013,4,15.26,27.33,8.53,0.0,21.47,24.62,72.19,4.12,99.74,7.57,0.01
388,2013-5,2013,5,19.59,28.67,10.4,0.0,23.2,27.71,62.19,4.34,99.39,8.61,0.01
389,2013-6,2013,6,23.56,36.9,13.95,0.0,26.74,29.61,54.5,3.88,99.65,9.4,0.01
390,2013-7,2013,7,27.33,39.16,16.92,0.0,26.3,28.08,47.69,4.08,99.76,10.31,0.01
391,2013-8,2013,8,27.98,38.04,20.65,0.0,22.76,24.53,51.44,3.68,99.65,11.54,0.01
392,2013-9,2013,9,23.6,32.71,15.8,0.0,17.94,20.74,55.88,3.54,99.73,9.83,0.01
393,2013-10,2013,10,19.11,27.62,11.98,0.0,12.26,15.08,75.44,3.54,100.15,10.44,0.01
394,2013-11,2013,11,14.54,23.9,3.83,5.27,7.12,10.46,78.69,4.44,99.48,8.3,0.01
395,2013-12,2013,12,9.97,16.68,4.33,0.0,6.82,8.6,79.5,3.39,100.49,6.1,0.01
396,2014-1,2014,1,10.48,15.76,1.8,0.0,6.27,9.52,86.25,4.4,99.63,6.96,0.01
397,2014-2,2014,2,10.98,19.26,4.94,0.0,9.28,13.38,84.5,4.82,99.75,6.96,0.01
398,2014-3,2014,3,11.63,22.27,4.97,0.0,15.94,19.38,76.12,3.66,99.63,6.41,0.01
399,2014-4,2014,4,14.02,22.04,6.42,5.27,17.1,23.83,77.19,4.35,99.38,7.69,0.01
400,2014-5,2014,5,17.42,27.65,9.49,0.0,21.98,28.15,70.12,3.62,99.61,8.54,0.01
401,2014-6,2014,6,23.3,33.52,12.88,0.0,25.64,29.26,62.44,3.68,99.66,10.8,0.01
402,2014-7,2014,7,25.27,34.05,17.05,0.0,25.49,28.55,58.31,3.78,99.5,11.35,0.01
403,2014-8,2014,8,27.55,37.09,19.51,0.0,24.28,25.55,51.88,3.39,99.55,11.35,0.01
404,2014-9,2014,9,21.93,31.19,13.69,5.27,16.94,20.39,69.38,3.41,99.71,11.29,0.01
405,2014-10,2014,10,18.05,27.72,9.12,0.0,12.17,14.94,75.12,3.23,99.94,9.77,0.01
406,2014-11,2014,11,15.07,20.89,8.08,0.0,7.67,10.13,85.19,4.38,99.88,9.22,0.01
407,2014-12,2014,12,10.08,20.3,0.03,0.0,6.72,8.58,80.81,3.95,99.87,6.53,0.01
408,2015-1,2015,1,8.36,16.33,0.76,0.0,7.44,9.77,79.81,4.48,99.87,5.68,0.01
409,2015-2,2015,2,8.55,16.57,0.75,0.0,9.84,13.68,77.69,4.83,99.44,5.55,0.01
410,2015-3,2015,3,10.69,20.28,3.64,5.27,12.72,18.5,79.38,4.69,99.82,6.41,0.01
411,2015-4,2015,4,13.59,22.49,5.58,0.0,20.5,24.72,71.75,4.49,100.0,6.9,0.01
412,2015-5,2015,5,19.84,32.19,10.44,0.0,23.59,27.81,63.44,3.58,99.67,8.85,0.01
413,2015-6,2015,6,23.51,32.44,15.57,0.0,26.37,29.3,57.38,4.08,99.81,10.01,0.01
414,2015-7,2015,7,29.94,38.64,19.01,0.0,27.16,28.13,43.62,2.98,99.61,10.93,0.01
415,2015-8,2015,8,28.3,37.51,19.42,0.0,22.03,24.6,53.25,3.08,99.68,12.39,0.01
416,2015-9,2015,9,24.71,37.33,16.16,0.0,17.32,20.38,56.38,3.45,99.69,10.5,0.01
417,2015-10,2015,10,18.57,26.79,10.52,5.27,10.52,14.89,75.44,4.04,99.81,10.07,0.01
418,2015-11,2015,11,13.78,23.87,5.64,0.0,8.46,10.76,80.94,3.58,100.13,7.93,0.01
419,2015-12,2015,12,10.23,16.97,2.44,0.0,7.4,8.67,84.62,3.47,101.14,6.65,0.01
420,2016-1,2016,1,9.0,18.0,0.66,0.0,7.17,9.77,79.56,4.08,99.92,5.86,0.01
421,2016-2,2016,2,11.82,19.97,3.34,0.0,9.59,13.4,80.38,5.25,99.76,7.02,0.01
422,2016-3,2016,3,11.33,21.65,3.2,0.0,13.13,18.78,78.12,4.35,99.35,6.59,0.01
423,2016-4,2016,4,16.13,26.83,7.92,0.0,20.81,24.61,68.06,4.12,99.53,7.57,0.01
424,2016-5,2016,5,18.15,29.05,10.34,0.0,22.06,27.9,67.44,4.27,99.52,8.48,0.01
425,2016-6,2016,6,23.62,34.48,14.6,0.0,25.04,29.06,62.44,3.95,99.58,11.05,0.01
426,2016-7,2016,7,28.12,37.3,17.62,0.0,26.87,28.6,48.5,3.87,99.65,11.05,0.01
427,2016-8,2016,8,26.52,36.06,18.3,0.0,23.66,25.28,53.69,4.12,99.75,11.17,0.01
428,2016-9,2016,9,21.87,32.03,13.5,5.27,16.18,20.0,68.94,3.1,99.85,11.11,0.01
429,2016-10,2016,10,17.88,27.08,10.14,5.27,11.83,14.88,76.31,3.77,100.02,9.83,0.01
430,2016-11,2016,11,13.73,21.44,5.3,0.0,8.22,10.52,81.12,4.07,100.0,8.18,0.01
431,2016-12,2016,12,8.64,15.95,0.84,0.0,7.52,8.82,75.62,3.7,100.84,5.31,0.01
432,2017-1,2017,1,5.89,13.32,-2.58,0.0,6.24,9.84,79.38,4.07,99.97,4.7,0.01
433,2017-2,2017,2,10.32,17.62,2.82,0.0,10.85,13.49,83.0,3.67,100.2,6.53,0.01
434,2017-3,2017,3,12.62,22.76,4.8,0.0,17.38,19.55,72.94,4.68,99.83,6.53,0.01
435,2017-4,2017,4,14.37,23.82,5.48,0.0,20.12,24.3,70.31,4.57,99.85,7.08,0.01
436,2017-5,2017,5,19.64,29.58,8.8,0.0,24.53,28.14,61.81,3.93,99.75,8.42,0.01
437,2017-6,2017,6,26.55,37.31,16.89,0.0,27.36,29.34,47.81,3.25,99.68,9.83,0.01
438,2017-7,2017,7,28.83,39.63,20.33,0.0,27.22,28.59,41.44,3.98,99.59,9.7,0.01
439,2017-8,2017,8,29.07,40.84,19.08,0.0,24.23,24.81,44.19,4.13,99.72,10.44,0.01
440,2017-9,2017,9,22.3,33.69,13.98,0.0,17.84,20.49,62.38,3.7,99.75,10.25,0.01
441,2017-10,2017,10,17.67,26.37,8.84,0.0,13.68,15.36,68.06,3.78,100.11,8.48,0.01
442,2017-11,2017,11,12.94,19.8,4.5,5.27,7.93,10.72,77.94,3.92,99.73,7.32,0.01
443,2017-12,2017,12,8.65,17.58,1.82,0.0,6.62,8.82,78.12,4.53,100.07,5.55,0.01
444,2018-1,2018,1,9.88,16.94,3.46,0.0,7.41,9.87,83.06,4.38,100.07,6.41,0.01
445,2018-2,2018,2,8.62,16.1,-2.56,5.27,8.76,13.51,81.0,4.58,99.26,5.8,0.01
446,2018-3,2018,3,11.51,20.05,1.06,0.0,13.04,18.82,81.19,5.12,98.89,6.96,0.01
447,2018-4,2018,4,16.71,27.91,5.73,0.0,21.16,23.82,72.56,3.52,99.77,8.36,0.01
448,2018-5,2018,5,20.63,30.78,10.36,0.0,22.6,27.45,67.88,3.05,99.52,10.01,0.01
449,2018-6,2018,6,23.98,33.23,17.59,0.0,24.26,28.98,62.44,3.9,99.39,11.35,0.01
450,2018-7,2018,7,27.24,35.62,19.5,0.0,27.15,28.36,54.69,4.05,99.47,11.9,0.01
451,2018-8,2018,8,27.49,35.69,20.12,0.0,21.88,24.51,58.25,2.74,99.61,12.88,0.01
452,2018-9,2018,9,24.28,32.29,14.11,0.0,19.03,20.46,55.88,3.62,99.99,10.44,0.01
453,2018-10,2018,10,19.2,26.15,11.67,5.27,11.85,14.64,76.5,4.02,99.96,10.56,0.01
454,2018-11,2018,11,14.65,21.58,5.55,0.0,7.12,10.42,84.06,4.23,99.93,8.97,0.01
455,2018-12,2018,12,9.73,17.89,2.26,0.0,6.56,8.68,79.75,4.09,100.12,6.04,0.01
456,2019-1,2019,1,7.01,14.4,-0.42,0.0,7.18,9.92,77.06,4.52,99.22,4.88,0.01
457,2019-2,2019,2,9.01,15.76,2.64,0.0,11.0,13.77,76.31,5.5,100.21,5.55,0.01
458,2019-3,2019,3,12.46,21.43,3.98,0.0,16.46,19.31,74.06,4.19,99.96,6.59,0.01
459,2019-4,2019,4,14.61,25.34,7.27,0.0,19.01,23.87,74.12,4.23,99.58,7.57,0.01
460,2019-5,2019,5,17.1,25.2,7.19,0.0,20.93,28.06,68.75,4.08,99.42,8.24,0.01
461,2019-6,2019,6,26.13,35.4,13.13,0.0,27.51,29.32,55.5,3.57,99.73,11.11,0.01
462,2019-7,2019,7,28.03,37.89,18.07,0.0,26.07,28.3,49.0,3.79,99.46,11.05,0.01
463,2019-8,2019,8,29.15,38.73,21.23,0.0,24.49,25.07,47.88,3.69,99.68,11.47,0.01
464,2019-9,2019,9,24.67,32.3,16.01,0.0,17.75,20.0,58.69,3.31,99.86,11.11,0.01
465,2019-10,2019,10,20.43,29.36,12.19,0.0,13.82,15.21,68.06,2.77,99.92,9.95,0.01
466,2019-11,2019,11,16.11,23.83,9.54,5.27,8.16,10.53,76.69,5.09,99.32,8.79,0.01
467,2019-12,2019,12,11.37,17.55,2.64,0.0,6.03,8.49,80.31,5.14,99.84,6.96,0.01
468,2020-1,2020,1,8.63,16.74,1.94,0.0,8.72,9.76,80.69,3.91,100.69,5.62,0.01
469,2020-2,2020,2,10.37,20.96,3.63,0.0,12.35,14.04,72.0,4.53,100.16,5.68,0.01
470,2020-3,2020,3,11.57,22.51,2.15,0.0,14.86,19.28,74.06,4.2,99.7,6.29,0.01
471,2020-4,2020,4,14.46,24.42,3.71,0.0,20.27,24.43,67.38,3.91,99.81,6.77,0.01
472,2020-5,2020,5,19.13,30.16,9.75,0.0,22.4,27.5,62.31,4.61,99.82,8.36,0.01
473,2020-6,2020,6,23.0,34.65,13.29,0.0,25.68,29.63,59.0,3.71,99.46,9.95,0.01
474,2020-7,2020,7,26.95,37.21,17.98,5.27,27.35,28.65,50.75,3.82,99.57,10.8,0.01
475,2020-8,2020,8,26.58,34.65,19.08,5.27,23.86,25.15,64.44,3.4,99.43,13.55,0.01
476,2020-9,2020,9,23.86,31.69,14.06,0.0,18.28,20.16,65.12,3.95,99.71,11.84,0.01
477,2020-10,2020,10,17.82,29.56,9.69,10.55,12.85,15.13,72.12,3.7,99.83,9.16,0.01
478,2020-11,2020,11,14.3,20.95,6.78,5.27,8.58,10.42,82.38,3.34,100.45,8.36,0.01
479,2020-12,2020,12,11.19,18.23,3.31,5.27,6.06,8.42,84.19,4.12,99.52,7.08,0.01
480,2021-1,2021,1,8.86,16.49,0.06,1.87,6.74,9.73,81.94,4.53,99.47,6.04,0.01
481,2021-2,2021,2,9.9,18.95,-0.38,14.31,11.38,14.08,82.69,4.27,100.22,6.47,0.01
482,2021-3,2021,3,9.8,19.32,2.18,3.57,15.77,19.27,76.88,4.13,100.07,5.8,0.01
483,2021-4,2021,4,12.59,24.67,2.73,1.28,18.45,24.5,75.06,4.11,99.82,6.9,0.01
484,2021-5,2021,5,18.74,29.05,10.29,0.32,24.57,28.54,66.88,4.02,99.7,8.73,0.01
485,2021-6,2021,6,25.36,38.1,12.08,0.21,26.32,28.89,52.38,3.23,99.8,10.13,0.01
486,2021-7,2021,7,29.55,41.19,21.88,0.32,26.89,28.05,43.94,3.44,99.49,10.62,0.01
487,2021-8,2021,8,29.45,40.58,18.76,0.56,22.72,24.27,46.88,3.44,99.56,11.41,0.01
488,2021-9,2021,9,24.12,32.29,14.4,0.8,17.35,20.05,55.88,2.95,99.94,10.19,0.01
489,2021-10,2021,10,17.83,28.11,10.69,2.56,11.86,14.89,71.38,3.47,99.99,8.97,0.01
490,2021-11,2021,11,15.4,24.53,3.49,3.73,6.85,10.25,84.38,4.34,99.67,9.4,0.01
491,2021-12,2021,12,9.87,17.44,2.84,1.94,6.96,8.73,78.62,4.7,99.64,6.1,0.01
492,2022-1,2022,1,8.26,16.4,-0.68,1.1,8.38,10.01,78.0,4.71,100.18,5.43,0.01
493,2022-2,2022,2,10.05,18.94,4.46,1.97,12.25,14.06,75.31,4.25,100.0,5.8,0.01
494,2022-3,2022,3,9.41,20.45,2.03,1.56,14.45,18.87,71.38,3.96,100.37,5.25,0.01
495,2022-4,2022,4,14.15,24.58,6.21,0.45,20.31,24.57,67.75,4.44,99.49,6.65,0.01
496,2022-5,2022,5,21.23,32.69,10.27,0.7,24.7,27.63,60.38,3.09,99.84,9.03,0.01
497,2022-6,2022,6,27.75,39.73,18.66,0.89,27.17,29.11,48.5,3.55,99.61,10.56,0.01
498,2022-7,2022,7,29.67,39.08,20.03,0.82,27.45,28.4,42.5,3.86,99.71,10.38,0.01
499,2022-8,2022,8,28.02,37.48,19.51,0.68,22.14,24.49,52.88,4.01,99.43,11.96,0.01
500,2022-9,2022,9,24.05,35.31,13.42,1.1,17.67,20.71,56.5,4.25,99.6,10.44,0.01
501,2022-10,2022,10,19.13,28.19,12.9,2.27,13.67,15.26,73.44,3.73,100.34,9.95,0.01
502,2022-11,2022,11,14.84,26.99,6.82,4.13,7.98,10.68,78.06,3.74,99.71,8.24,0.01
503,2022-12,2022,12,12.42,19.82,4.95,1.77,6.38,8.38,88.25,3.38,99.98,8.12,0.01
